VG	20/01/09	virus
AP	20/01/16	virusfamilie
DB	20/01/21	familie
AP	20/01/21	virusutbrudd
DB	20/01/21	virusvaksine
VG	20/01/22	virusepidemi
DB	20/01/22	virussmitte
DB	20/01/24	smitte
DB	20/01/24	sykehus
VG	20/01/24	utbrudd
VG	20/01/25	epidemi
AP	20/01/25	pasient
DB	20/01/28	fast
DN	20/01/30	virusen
VG	20/01/30	virusfast
AA	20/01/31	merke
VG	20/01/31	ramme
VG	20/01/31	trolling
VG	20/02/01	spredning
VG	20/02/02	bilde
VG	20/02/02	dødsfall
VG	20/02/02	gjennombrudd
VG	20/02/02	smittetilfelle
DB	20/02/02	tilfelle
VG	20/02/02	virusinfeksjon
VG	20/02/02	virussymptom
VG	20/02/02	virusvideo
VG	20/02/02	vits
VG	20/02/06	varsle
VG	20/02/08	varsler
VG	20/02/10	kritikk
DN	20/02/10	virussmell
DB	20/02/10	virusspøk
VG	20/02/12	utløse
AP	20/02/13	debatt
DA	20/02/14	fri
DB	20/02/14	karantene
VG	20/02/16	frykt
DN	20/02/18	virusadvarsel
DN	20/02/18	virustap
DB	20/02/19	infisere
DN	20/02/19	optimisme
DB	20/02/20	virusdødsfall
VG	20/02/21	krise
VG	20/02/21	prøve
DN	20/02/21	tap
AA	20/02/21	test
DB	20/02/24	mysterium
DN	20/02/24	sikre
DN	20/02/24	utsette
VG	20/02/25	avstenge
VG	20/02/25	post
VG	20/02/25	situasjon
DN	20/02/25	stopp
SA	20/02/25	tester
VG	20/02/25	virusfase
VG	20/02/25	viruskarante
DN	20/02/26	nedtur
DB	20/02/26	syk
VG	20/02/26	tiltak
DB	20/02/26	tsar
VG	20/02/26	viruspasient
FV	20/02/26	virusscenarioet
AA	20/02/26	virusteste
NL	20/02/26	virustilfelle
VG	20/02/26	virustrusselen
VG	20/02/27	beredskap
VG	20/02/27	dame
DN	20/02/27	effekt
VG	20/02/27	henvendelse
VG	20/02/27	kor
VG	20/02/27	mistanke
VG	20/02/27	spådom
BT	20/02/27	spørsmål
DB	20/02/27	sykdom
SA	20/02/27	teste
BT	20/02/27	testing
DN	20/02/27	utstyr
VG	20/02/27	virusområd
DA	20/02/27	virussykdom
NL	20/02/28	dekning
VG	20/02/28	fare
VG	20/02/28	infeksjon
BT	20/02/28	informasjon
SA	20/02/28	legevakt
DB	20/02/28	permittere
NL	20/02/28	plan
DN	20/02/28	påvirke
BT	20/02/28	rom
DB	20/02/28	råd
BT	20/02/28	samtale
DB	20/02/28	sending
DB	20/02/28	sjekke
VG	20/02/28	telefon
VG	20/02/28	telefonstorm
VG	20/02/28	vaksine
VG	20/02/28	virusbeskyttelse
DN	20/02/29	berøre
DB	20/02/29	prøvesvar
VG	20/02/29	studio
AA	20/02/29	trussel
BT	20/02/29	virusramme
AA	20/02/29	virusrutine
DN	20/03/01	knekk
DA	20/03/01	kobling
SA	20/03/01	retningslinje
DA	20/03/01	utvikling
AA	20/03/02	angst
DA	20/03/02	beskyttelse
AP	20/03/02	dag
VG	20/03/02	hamstring
AA	20/03/02	inspektør
AA	20/03/02	land
BT	20/03/02	møte
VG	20/03/02	nyhet
DN	20/03/02	patent
VG	20/03/02	regel
AA	20/03/02	stoff
DB	20/03/02	svindel
DB	20/03/02	svindler
DN	20/03/02	viruseffekt
DB	20/03/02	viruskontrolløre
DN	20/03/02	virussituasjon
AP	20/03/03	behandling
VG	20/03/03	bekymre
NL	20/03/03	bekymrede
AA	20/03/03	fase
DN	20/03/03	gripe
SA	20/03/03	område
VG	20/03/03	problem
NL	20/03/03	pågang
VG	20/03/03	smittesituasjon
DB	20/03/03	tid
VG	20/03/03	trøbbel
DN	20/03/03	viruspanikken
SA	20/03/03	virustest
DB	20/03/03	virusykdom
DB	20/03/04	alarm
DN	20/03/04	fremtid
DA	20/03/04	influenser
DN	20/03/04	melding
SA	20/03/04	nummer
VG	20/03/04	permittering
DA	20/03/04	sak
DB	20/03/04	smitterisiko
AA	20/03/04	smittetiltak
DN	20/03/04	trøblete
DN	20/03/04	uro
VG	20/03/04	vask
DB	20/03/04	virusprøve
VG	20/03/05	avlyse
VG	20/03/05	container
AA	20/03/05	kamp
VG	20/03/05	karane
VG	20/03/05	klarsignal
DN	20/03/05	måned
DN	20/03/05	relatere
SA	20/03/05	smittede/mistenke
SA	20/03/05	sms
DA	20/03/05	stanse
NL	20/03/05	stenge
SA	20/03/05	virustelt
DB	20/03/06	beskjeden
DA	20/03/06	gruppe
AA	20/03/06	historie
VG	20/03/06	hjelp
DN	20/03/06	konsekvens
NL	20/03/06	nekte
BT	20/03/06	nytt
VG	20/03/06	panikk
DN	20/03/06	periode
AA	20/03/06	risiko
DN	20/03/06	sjokk
DB	20/03/06	svar
AA	20/03/06	virusfrykt
SA	20/03/07	brems
DB	20/03/07	grep
AA	20/03/07	hotell
VG	20/03/07	håndtering
AA	20/03/07	isolasjon
AA	20/03/07	kansellere
DA	20/03/07	konferanse
DA	20/03/07	kontroll
VG	20/03/07	pandemi
AP	20/03/07	positiv
AA	20/03/07	restriksjon
BT	20/03/07	status
AP	20/03/07	stenging
DB	20/03/07	virustide
AP	20/03/08	eksponering
VG	20/03/08	hensyn
VG	20/03/08	mareritt
DB	20/03/08	trend
BT	20/03/08	vedtak
VG	20/03/08	virusalarm
BT	20/03/09	anbefaling
DB	20/03/09	helvete
SA	20/03/09	jakt
DB	20/03/09	knipe
DA	20/03/09	krisepakke
AP	20/03/09	kupp
DB	20/03/09	opprør
DB	20/03/09	pressekonferanse
VG	20/03/09	uvær
SA	20/03/09	viruspandemi
VG	20/03/10	analyse
SA	20/03/10	avbestilling
DA	20/03/10	avlysning
DA	20/03/10	del
VG	20/03/10	dugnad
VG	20/03/10	dødsrate
DB	20/03/10	eksponere
AA	20/03/10	endring
AA	20/03/10	film
AP	20/03/10	fravær
DA	20/03/10	innleggelse
VG	20/03/10	jobbprobleme
NL	20/03/10	knekken
FV	20/03/10	konkurs
DA	20/03/10	linje
VG	20/03/10	politikk
VG	20/03/10	praksis
AP	20/03/10	prøvetaking
AP	20/03/10	skandale
DN	20/03/10	smell
VG	20/03/10	smittefare
AA	20/03/10	spøkelse
VG	20/03/10	studie
DN	20/03/10	sårbar
VG	20/03/10	trøbbele
DN	20/03/10	varsel
AA	20/03/10	villrede
VG	20/03/10	virushåndtering
DB	20/03/11	blemme
BT	20/03/11	forvirring
VG	20/03/11	kaos
DB	20/03/11	maske
DB	20/03/11	produkt
VG	20/03/11	smitteområde
VG	20/03/11	spesial
DN	20/03/11	splitt
BT	20/03/11	symptom
DA	20/03/11	telt
AA	20/03/12	anslag
DB	20/03/12	arbeide
DB	20/03/12	bakrus
NL	20/03/12	bekymring
AA	20/03/12	forbehold
DA	20/03/12	handling
AP	20/03/12	isolat
DN	20/03/12	jus
VG	20/03/12	klausul
BT	20/03/12	klinikk
DB	20/03/12	kontor
DA	20/03/12	krav
DA	20/03/12	kø
DB	20/03/12	liknende
DB	20/03/12	lock
NL	20/03/12	mottak
BT	20/03/12	podd
DA	20/03/12	psyke
DA	20/03/12	senter
DB	20/03/12	smittesentere
DA	20/03/12	telefonoperatøre
DA	20/03/12	telte
FV	20/03/12	utbredelse
SA	20/03/12	utsettelse
DB	20/03/12	valg
BT	20/03/12	vern
NL	20/03/12	virusforløp
VG	20/03/12	viruskrise
DA	20/03/12	virustelefon
DB	20/03/12	virustopp
DB	20/03/13	asyl
AP	20/03/13	bidrag
DN	20/03/13	boom
AP	20/03/13	diagnostikk
DB	20/03/13	feste
VG	20/03/13	forslag
BT	20/03/13	herje
VG	20/03/13	isolere
AA	20/03/13	knapp
AP	20/03/13	konto
VG	20/03/13	kontrast
NL	20/03/13	kort
DN	20/03/13	kraft
DA	20/03/13	løft
DB	20/03/13	medisiner
DA	20/03/13	moral
DB	20/03/13	musikal
AP	20/03/13	news
VG	20/03/13	norge
VG	20/03/13	overkjøre
AP	20/03/13	pakke
SA	20/03/13	robot
AP	20/03/13	rutine
SA	20/03/13	stansede
AP	20/03/13	strande
AP	20/03/13	unntakstilstand
VG	20/03/13	virkning
DB	20/03/13	virussyke
AP	20/03/13	virustype
NL	20/03/13	øvelse
VG	20/03/14	dvale
DB	20/03/14	greie
SA	20/03/14	hjelpe
DB	20/03/14	hysteri
DB	20/03/14	kommentar
DB	20/03/14	krangel
VG	20/03/14	krangling
DA	20/03/14	kutt
DB	20/03/14	mobilisering
DB	20/03/14	politi
DN	20/03/14	rabatt
AA	20/03/14	regjering
DB	20/03/14	rød
SA	20/03/14	solidaritet
VG	20/03/14	spøk
DA	20/03/14	støv
VG	20/03/14	vesen
VG	20/03/15	bekreftelse
NL	20/03/15	bykse
BT	20/03/15	ferie
DB	20/03/15	fest
FV	20/03/15	hverdag
VG	20/03/15	konsertkonsept
VG	20/03/15	krakke
SA	20/03/15	krig
AA	20/03/15	krisefond
DB	20/03/15	lov
VG	20/03/15	pause
DB	20/03/15	raseri
DN	20/03/15	respons
DB	20/03/15	straffe
NL	20/03/15	strategi
AA	20/03/15	tiltakspakke
VG	20/03/15	tjeneste
VG	20/03/15	trygg
AA	20/03/15	unntak
NL	20/03/15	utfordring
VG	20/03/15	varsku
AA	20/03/15	virusgruppe
VG	20/03/16	avgjørelse
AA	20/03/16	bedrager
DA	20/03/16	bekjempelse
DB	20/03/16	døde
DB	20/03/16	dødstall
DA	20/03/16	eksplosjon
VG	20/03/16	episenter
DB	20/03/16	forhandling
DA	20/03/16	innsats
VG	20/03/16	jobbing
DA	20/03/16	karantenebrudd
AA	20/03/16	kode
DB	20/03/16	komité
VG	20/03/16	kos
NL	20/03/16	kurve
DB	20/03/16	oversikt
DB	20/03/16	rapport
DA	20/03/16	regning
SA	20/03/16	sjuk
AA	20/03/16	smittebærere
DB	20/03/16	tunnel
SA	20/03/16	utgift
DA	20/03/16	virusspesial
VG	20/03/16	øl
AA	20/03/17	begrunnelse
AA	20/03/17	diagnose
VG	20/03/17	fengsel
DB	20/03/17	initiativ
DA	20/03/17	interesse
AA	20/03/17	isolering
AP	20/03/17	karantenesente
SA	20/03/17	krisedirektør
VG	20/03/17	krisehjelp
AA	20/03/17	lån
SA	20/03/17	skvis
AA	20/03/17	stansen
VG	20/03/17	stengning
VG	20/03/17	strid
DB	20/03/17	vakt
VG	20/03/18	ansvarlig
DA	20/03/18	arbeid
VG	20/03/18	bar
DB	20/03/18	blind
AA	20/03/18	bot
DA	20/03/18	budskap
VG	20/03/18	bygd
DA	20/03/18	bølge
DB	20/03/18	datainnsamling
VG	20/03/18	do
AA	20/03/18	drakt
BT	20/03/18	eksil
VG	20/03/18	ekspert
NL	20/03/18	gåte
DB	20/03/18	innskrenkelse
DB	20/03/18	kart
DB	20/03/18	kriselov
VG	20/03/18	kropp
SA	20/03/18	kur
DA	20/03/18	lignende
AA	20/03/18	lockdown
DB	20/03/18	lungebetennelse
DB	20/03/18	låte
BT	20/03/18	medisin
VG	20/03/18	pappa.no
NL	20/03/18	party
DB	20/03/18	rente
DA	20/03/18	risikogruppe
DA	20/03/18	sannsiger
DA	20/03/18	scenario
SA	20/03/18	sjekken
AA	20/03/18	smittebølge
VG	20/03/18	smitteutbredelsen
DB	20/03/18	stab
VG	20/03/18	statsråd
AP	20/03/18	tall
DA	20/03/18	usikkerhet
DB	20/03/18	uttalelse
AA	20/03/18	virusinnsats
DA	20/03/19	avlaste
NL	20/03/19	brev
DB	20/03/19	brudd
SA	20/03/19	flytte
DB	20/03/19	forskrift
NL	20/03/19	framsnakk
VG	20/03/19	inspirere
DB	20/03/19	kluss
AP	20/03/19	konsert
VG	20/03/19	kriseledelse
DB	20/03/19	offer
DA	20/03/19	oppfølging
AP	20/03/19	sykmeldt
AA	20/03/19	tilskudd
VG	20/03/19	undersøkelse
DB	20/03/19	virusbehandling
VG	20/03/19	virusrasisme
VG	20/03/19	virusrespons
AA	20/03/19	virustrende
DA	20/03/20	17.mai
SA	20/03/20	bestemmelse
DB	20/03/20	briefing
AP	20/03/20	dans
DB	20/03/20	detektiv
DB	20/03/20	detektive
VG	20/03/20	dilemma
VG	20/03/20	enstid
AA	20/03/20	fond
AA	20/03/20	forskning
AA	20/03/20	fødestue
SA	20/03/20	helg
AP	20/03/20	hits
DB	20/03/20	katastrofe
DB	20/03/20	kriselove
AP	20/03/20	lovbrudd
BT	20/03/20	lovforslag
AP	20/03/20	låt
AP	20/03/20	maskot
AA	20/03/20	monitor
DN	20/03/20	mørke
AA	20/03/20	oppmuntring
AP	20/03/20	partys
DA	20/03/20	psykens
AA	20/03/20	relevant
DA	20/03/20	sykehjem
SA	20/03/20	tapet
SA	20/03/20	troll
DB	20/03/20	tørke
BT	20/03/20	utrykning
VG	20/03/20	utvalg
AP	20/03/20	versjon
AP	20/03/20	viruskostyme
DN	20/03/20	virusspredning
NL	20/03/20	økonomi
VG	20/03/21	advarsel
DN	20/03/21	eksport
AA	20/03/21	forbud
VG	20/03/21	herjede
BT	20/03/21	hjerne
AP	20/03/21	love
VG	20/03/21	lunge
VG	20/03/21	perspektiv
DB	20/03/21	redd
BT	20/03/21	resesjon
VG	20/03/21	sammenheng
AA	20/03/21	smittebefengt
SA	20/03/21	smitteråd
AA	20/03/21	søk
VG	20/03/21	tilstand
VG	20/03/21	utmatte
VG	20/03/21	virusmelding
DB	20/03/21	virusrelatere
AP	20/03/22	dagbok
DN	20/03/22	husleie
AA	20/03/22	influensa
VG	20/03/22	info
DB	20/03/22	kansellering
DN	20/03/22	kriseramm
AA	20/03/22	kriseteam
DB	20/03/22	lut
VG	20/03/22	oppfordring
VG	20/03/22	svindelbedrifte
VG	20/03/22	svindelforsøk
AP	20/03/22	tilværelse
AP	20/03/22	vegrere
DB	20/03/23	angrep
AP	20/03/23	annonse
VG	20/03/23	astrid
AA	20/03/23	bekjempe
AP	20/03/23	brief
VG	20/03/23	dødelighet
VG	20/03/23	elite
SA	20/03/23	fint
VG	20/03/23	folketett
VG	20/03/23	gjenge
DA	20/03/23	konklusjon
VG	20/03/23	sertifisere
VG	20/03/23	smitterne
AP	20/03/23	spesifikk
DA	20/03/23	tiiltake
VG	20/03/23	topp
VG	20/03/24	avdeling
DN	20/03/24	belaste
AA	20/03/24	diskusjon
VG	20/03/24	drama
DB	20/03/24	endre
AA	20/03/24	erfaring
DA	20/03/24	fryktens
SA	20/03/24	grense
NL	20/03/24	innlegge
AP	20/03/24	kampens
SA	20/03/24	kjefting
VG	20/03/24	kollisjonskurs
VG	20/03/24	kommune
DA	20/03/24	krisetid
DN	20/03/24	krisetiltak
AA	20/03/24	krøll
VG	20/03/24	lovgiving
AA	20/03/24	markedsføring
AA	20/03/24	minne
DB	20/03/24	mote
DB	20/03/24	protokoll
SA	20/03/24	rapportering
SA	20/03/24	regime
SA	20/03/24	reiseråd
AP	20/03/24	sikker
DA	20/03/24	snakke
VG	20/03/24	synge
VG	20/03/24	testrestriksjoner
VG	20/03/24	timefortime
VG	20/03/24	transport
DB	20/03/24	tsunami
VG	20/03/24	vettregel
VG	20/03/24	viruskoordinator
DA	20/03/25	arbeidsledighet
AA	20/03/25	beskjed
DA	20/03/25	beskytte
DB	20/03/25	drone
DN	20/03/25	hilsen
SA	20/03/25	irritasjon
VG	20/03/25	kostnad
VG	20/03/25	kriserammede
DA	20/03/25	kunnskap
AA	20/03/25	liv
DB	20/03/25	marsj
AP	20/03/25	massedød
VG	20/03/25	modell
AA	20/03/25	nervøs
VG	20/03/25	nes
AP	20/03/25	nyhetsbrev
BT	20/03/25	oppdrag
DA	20/03/25	ord
DN	20/03/25	profittering
NL	20/03/25	snitte
DB	20/03/25	statistikk
DB	20/03/25	stille
VG	20/03/25	stoppen
DB	20/03/25	straff
NL	20/03/25	tegning
VG	20/03/25	vaksinestudie
DB	20/03/25	virusrelatert
DB	20/03/26	aggresjon
DB	20/03/26	avstand
DB	20/03/26	blogge
VG	20/03/26	bryllup
SA	20/03/26	busse
AP	20/03/26	dugnadsspor
BT	20/03/26	forsikring
SA	20/03/26	funn
DB	20/03/26	general
DB	20/03/26	helsepersonell
AA	20/03/26	klemme
BT	20/03/26	obligasjon
AA	20/03/26	oppgave
AA	20/03/26	plager
VG	20/03/26	plakat
DB	20/03/26	profitør
DN	20/03/26	tape
DN	20/03/26	tyngede
VG	20/03/26	virusarbeidsgruppe
DB	20/03/26	virusoppdatering
DB	20/03/26	virustiltak
AP	20/03/26	virusvekst
DB	20/03/27	app
AA	20/03/27	datum
DN	20/03/27	forberedelse
SA	20/03/27	frisk
SA	20/03/27	garanti
VG	20/03/27	hjem
DN	20/03/27	hull
VG	20/03/27	kommunikasjon
AP	20/03/27	krone
VG	20/03/27	løsning
DB	20/03/27	opplysningsteam
DA	20/03/27	støtte
AA	20/03/27	tabbe
DA	20/03/27	virustall
DB	20/03/28	akuttmottak
VG	20/03/28	date
VG	20/03/28	grå
DB	20/03/28	kabal
DB	20/03/28	kasse
SA	20/03/28	lansere
VG	20/03/28	milliard
VG	20/03/28	penger
SA	20/03/28	redusere
DB	20/03/28	skepsis
DB	20/03/28	studien.no
DB	20/03/28	sy
DB	20/03/28	utspill
DB	20/03/28	vår
VG	20/03/29	bremsen
DB	20/03/29	flukt
SA	20/03/29	guide
AP	20/03/29	hjemmeliv
VG	20/03/29	kommuneveiledere
VG	20/03/29	nedstengt
VG	20/03/29	produksjon
AP	20/03/29	sider
VG	20/03/29	smittebombe
DN	20/03/29	smitteutvikling
DB	20/03/29	viruskampen
VG	20/03/30	avbrudd
DB	20/03/30	bota
DB	20/03/30	dom
VG	20/03/30	frustrere
NL	20/03/30	helikopter
BT	20/03/30	helsesjekk
DN	20/03/30	immun
DN	20/03/30	immune
VG	20/03/30	kartlegging
VG	20/03/30	kostnadstall
DA	20/03/30	krisemøte
SA	20/03/30	kronikk
AA	20/03/30	kræsje
VG	20/03/30	nasjonalisme
AP	20/03/30	pidemi
VG	20/03/30	podkast
DB	20/03/30	psykose
NL	20/03/30	scenarie
BT	20/03/30	skade
AA	20/03/30	smitterestriksjon
AA	20/03/30	svikt
SA	20/03/30	tilpasning
AP	20/03/30	virusdata
AP	20/03/30	virusdate
AA	20/03/30	virusferie
AP	20/03/30	virusutbrudde
VG	20/03/31	arbeidsliv
DA	20/03/31	basere
AP	20/03/31	bombe
NL	20/03/31	hjemmetest
AP	20/03/31	jogge
AP	20/03/31	joggerskam
SA	20/03/31	klassiker
DA	20/03/31	kollaps
DA	20/03/31	krisegruppa
DB	20/03/31	låse
VG	20/03/31	løslate
DA	20/03/31	sitasjone
DB	20/03/31	sjef
SA	20/03/31	sjø
DA	20/03/31	skatt
DB	20/03/31	testfeil
DA	20/03/31	tiltaksutvalg
DA	20/03/31	tiltakutvalg
DA	20/03/31	titak
SA	20/04/01	alvor
VG	20/04/01	bøte
DB	20/04/01	challenge
AP	20/04/01	diktator
AA	20/04/01	forelegg
VG	20/04/01	hjemmeteste
DA	20/04/01	hopp
AA	20/04/01	innrykk
DB	20/04/01	kartelle
VG	20/04/01	kjeft
SA	20/04/01	kneik
VG	20/04/01	konsekvenserbrev
AA	20/04/01	kunst
AA	20/04/01	million
AP	20/04/01	mistenke
DB	20/04/01	mobb
VG	20/04/01	mørketall
VG	20/04/01	nedstengning
DN	20/04/01	prege
FV	20/04/01	prosjekt
AP	20/04/01	sjokkskade
DB	20/04/01	slag
AP	20/04/01	streik
SA	20/04/01	stripe
AP	20/04/01	trening
AA	20/04/01	utstilling
DA	20/04/01	vett
FV	20/04/02	arrangement
SA	20/04/02	brif
VG	20/04/02	bønne
DA	20/04/02	detox
VG	20/04/02	døgn
AP	20/04/02	helt
AP	20/04/02	karanteneregel
VG	20/04/02	konflikt
DA	20/04/02	oppdatering
SA	20/04/02	orientering
DB	20/04/02	overskrift
AA	20/04/02	pandemiutbrudd
DB	20/04/02	patiente
SA	20/04/02	sjekklise
DA	20/04/02	tidens
AP	20/04/02	tiltakenes
DB	20/04/02	turnering
DA	20/04/02	tv
SA	20/04/02	virusbærer
AA	20/04/03	behov
AP	20/04/03	benke
DA	20/04/03	borger
DB	20/04/03	bryggeri
VG	20/04/03	bursdag
FV	20/04/03	flaks
FV	20/04/03	griseflaks
BT	20/04/03	helgen
DB	20/04/03	innsatsgruppe
AA	20/04/03	kriminalitet
AA	20/04/03	kriminell
AA	20/04/03	martyre
AA	20/04/03	reklame
BT	20/04/03	selvrapportering
DB	20/04/03	sentre
DB	20/04/03	smittepasient
SA	20/04/03	spreding
DA	20/04/03	teststasjon
DA	20/04/03	viruse
AP	20/04/04	dikt
SA	20/04/04	jackpot
AP	20/04/04	kompensasjon
DA	20/04/04	nedstenging
DB	20/04/04	prioritering
AP	20/04/04	rulling
DB	20/04/04	seng
BT	20/04/04	skole
VG	20/04/04	smittespredning
BT	20/04/04	språk
VG	20/04/04	støttemidler
DB	20/04/04	tilpasse
AP	20/04/04	vis
VG	20/04/05	baby
DB	20/04/05	bønn
VG	20/04/05	cruise
VG	20/04/05	diett
VG	20/04/05	idioti
BT	20/04/05	kjøring
AP	20/04/05	mening
VG	20/04/05	mure
VG	20/04/05	norsk
VG	20/04/05	oppussing
VG	20/04/05	påske
VG	20/04/05	skilsmisse
VG	20/04/05	sommer
VG	20/04/05	stikken
AA	20/04/05	virusregel
DB	20/04/06	hjelpepakke
VG	20/04/06	mittede
DB	20/04/06	oppstyr
DB	20/04/06	pressetreff
AP	20/04/06	rammeverk
DN	20/04/06	smittetall
DA	20/04/06	taxie
DA	20/04/06	tilknytte
DN	20/04/06	uke
AA	20/04/06	virusmøte
DN	20/04/06	virussmittetall
BT	20/04/07	bedrageri
VG	20/04/07	død
VG	20/04/07	gapestokk
NL	20/04/07	inntrenger
DN	20/04/07	justere
DA	20/04/07	kontantstøtte
VG	20/04/07	lede
VG	20/04/07	notat
AA	20/04/07	permisjon
DA	20/04/07	presang
DB	20/04/07	spåmann
AA	20/04/08	dødfallet
DB	20/04/08	hotspot
VG	20/04/08	kommisjon
VG	20/04/08	lindring
BT	20/04/08	press
VG	20/04/08	reise
SA	20/04/08	skjebne
SA	20/04/08	sky
VG	20/04/08	viruseumøte
BT	20/04/09	feit
AA	20/04/09	generasjon
SA	20/04/09	hårkrise
VG	20/04/09	innstengt
VG	20/04/09	kriseskapte
AA	20/04/09	redningspakke
DB	20/04/09	rullingkonserte
DB	20/04/09	stempel
SA	20/04/09	sveis
VG	20/04/09	symbol
DA	20/04/09	team
DN	20/04/09	virusutløst
SA	20/04/10	brud
VG	20/04/10	provisorisk
AP	20/04/11	blomstre
FV	20/04/11	fatiguen
AA	20/04/11	immunitet
AP	20/04/11	krakk
AA	20/04/11	oppblussing
AA	20/04/11	rasisme
DB	20/04/11	siden
DA	20/04/11	tema
DB	20/04/11	viruslovverk
FV	20/04/12	drite
AA	20/04/12	dødfall
AP	20/04/12	fortelling
VG	20/04/12	ledelse
DB	20/04/12	pasients
DB	20/04/12	rikdom
AP	20/04/12	sammenligning
AA	20/04/12	true
AP	20/04/13	finansiering
AA	20/04/13	laboratorium
VG	20/04/13	metode
AA	20/04/13	måling
DB	20/04/13	tom
VG	20/04/13	viruskaos
AA	20/04/13	virusrapport
AP	20/04/13	år
DA	20/04/14	dato
AP	20/04/14	isolasjonsenhet
AA	20/04/14	kurs
DB	20/04/14	lovparaplyen
VG	20/04/14	maraton
AP	20/04/14	reseptor
DA	20/04/14	sesong
DB	20/04/14	virusapp
AP	20/04/15	gave
SA	20/04/15	kvartal
DA	20/04/15	opptur
VG	20/04/15	pil
DA	20/04/15	redsel
AA	20/04/15	registrere
AP	20/04/15	robust
DA	20/04/15	tanke
FV	20/04/15	teori
DN	20/04/15	virusdrevne
VG	20/04/16	autoritet
DB	20/04/16	bok
AP	20/04/16	cruiseskip
DA	20/04/16	dødsstatistikk
VG	20/04/16	egoisme
DA	20/04/16	forebyggende
AA	20/04/16	gap
VG	20/04/16	gransking
VG	20/04/16	konspirasjon
AA	20/04/16	lyspunkt
AA	20/04/16	midler
AA	20/04/16	punkt
SA	20/04/16	rekord
AP	20/04/16	retorikk
AP	20/04/16	runde
VG	20/04/16	senskade
DA	20/04/16	åpningstid
DN	20/04/17	aksje
DB	20/04/17	bonanza
DB	20/04/17	boost
VG	20/04/17	forsinke
VG	20/04/17	konfrontere
VG	20/04/17	mann
BT	20/04/17	nødhjelp
VG	20/04/17	permitteringsregel
AP	20/04/17	tillegg
DB	20/04/17	vennlig
VG	20/04/18	begrensning
AP	20/04/18	frustrasjon
DB	20/04/18	lekkasje
NL	20/04/18	natt
NL	20/04/18	oppsving
DB	20/04/18	portforbud
DB	20/04/18	smitteanbefaling
DB	20/04/18	veileder
NL	20/04/19	adferd
DB	20/04/19	demonstrant
DB	20/04/19	diktatur
DB	20/04/19	klima
DB	20/04/19	komplikasjon
AP	20/04/19	luksus
SA	20/04/19	smittestatus
DA	20/04/20	barometer
VG	20/04/20	bekrefte
AA	20/04/20	brifing
VG	20/04/20	demonstrasjon
DA	20/04/20	gjeld
DN	20/04/20	hele
DB	20/04/20	hår
AP	20/04/20	nave
VG	20/04/20	regulering
SA	20/04/20	salg
SA	20/04/20	sykdommens
AA	20/04/20	tåke
VG	20/04/20	versting
AA	20/04/21	distansering
NL	20/04/21	dødsstille
DN	20/04/21	fornekter
AA	20/04/21	knute
VG	20/04/21	leir
DB	20/04/21	munnbind
DA	20/04/21	nettprat
VG	20/04/21	protest
AP	20/04/21	stemning
DA	20/04/21	venn
DB	20/04/22	avsperre
VG	20/04/22	konkurranse
DN	20/04/22	krisemilliarde
VG	20/04/22	nordmann
DN	20/04/22	oppgjør
DA	20/04/22	tanker
AA	20/04/22	vaksinere
DN	20/04/22	vinne
DN	20/04/22	vinner
DB	20/04/23	bestemor
DB	20/04/23	feber
VG	20/04/23	genser
NL	20/04/23	hets
VG	20/04/23	infeksjone
AP	20/04/23	kommisjonens
DA	20/04/23	manøver
AA	20/04/23	myte
NL	20/04/23	optimist
AA	20/04/23	pleier
SA	20/04/23	prise
VG	20/04/23	stipend
NL	20/04/23	strand
AA	20/04/23	svindle
SA	20/04/23	vekst
VG	20/04/23	virusekspertpanelet
DB	20/04/24	antistoff
NL	20/04/24	deteksjon
AA	20/04/24	dragsuget
BT	20/04/24	granskning
VG	20/04/24	hurtigteste
DA	20/04/24	jordbær
DA	20/04/24	ordning
SA	20/04/24	skolehverdag
DA	20/04/24	smittejordbær
DA	20/04/24	spørretime
DB	20/04/24	toppmøte
DA	20/04/24	tradisjon
DN	20/04/24	truede
AA	20/04/24	venting
VG	20/04/24	virusdirektorat
NL	20/04/24	virussvar
AA	20/04/24	åpning
FV	20/04/25	indusere
NL	20/04/25	mørketid
NL	20/04/25	permisjonens
DB	20/04/25	refs
VG	20/04/25	roman
VG	20/04/25	vind
VG	20/04/26	inspeksjon
NL	20/04/26	modus
BT	20/04/26	protein
AP	20/04/26	ravn
AP	20/04/26	ravnordning
DA	20/04/26	spagat
SA	20/04/27	bonus
SA	20/04/27	dimensjon
VG	20/04/27	diskriminere
VG	20/04/27	dokument
AA	20/04/27	forholdsregel
SA	20/04/27	forklaring
VG	20/04/27	fotball
AA	20/04/27	fullmakt
VG	20/04/27	klem
DB	20/04/27	klippen
DB	20/04/27	liste
DB	20/04/27	nestor
DB	20/04/27	reglement
DA	20/04/27	sjanse
SA	20/04/27	storm
DA	20/04/27	uløkka
AA	20/04/28	forbindelse
DA	20/04/28	gransker
VG	20/04/28	overlevende
VG	20/04/28	synd
VG	20/04/28	viruskontakte
VG	20/04/29	diplomati
AA	20/04/29	forskjell
DN	20/04/29	friskmelde
DA	20/04/29	hjelpgruppe
NL	20/04/29	håp
VG	20/04/29	industri
AA	20/04/29	lettelse
DN	20/04/29	sliten
VG	20/04/29	virusdiplomati
DB	20/04/30	forløpe
DA	20/04/30	katt
DB	20/04/30	klipp
AA	20/04/30	kristen
SA	20/04/30	pakker
DB	20/04/30	pass
DB	20/04/30	passe
DN	20/04/30	race
NL	20/04/30	studium
SA	20/04/30	støttemottakere
AP	20/04/30	vente
AA	20/04/30	virusrestriksjoner
AA	20/04/30	virustrussele
DA	20/05/01	arbeider
AP	20/05/01	avfall
VG	20/05/01	avstemning
VG	20/05/01	begrenset
VG	20/05/01	granskingskommisjon
VG	20/05/01	hjelper
SA	20/05/01	krasj
AA	20/05/01	kutte
DN	20/05/01	lederskap
VG	20/05/01	misbruker
SA	20/05/01	ras
DA	20/05/01	sitte
AA	20/05/01	tidas
AP	20/05/02	handle
DA	20/05/02	orkan
AP	20/05/02	virustema
DB	20/05/03	blod
DB	20/05/03	gevinst
SA	20/05/03	portrett
AA	20/05/03	stilling
AP	20/05/03	stole
DB	20/05/03	stunt
DB	20/05/03	tilbud
DB	20/05/03	turnus
NL	20/05/04	belastning
VG	20/05/04	bråstopp
BT	20/05/04	flaske
NL	20/05/04	gruve
NL	20/05/04	hjemmekontorperiode
DB	20/05/04	pils
DB	20/05/04	samhold
DB	20/05/04	skille
DB	20/05/04	spesiale
DB	20/05/04	vegge
DN	20/05/05	beslutning
DB	20/05/05	besøk
BT	20/05/05	bunn
VG	20/05/05	business
AA	20/05/05	fall
VG	20/05/05	feltsykehus
DB	20/05/05	gebyr
DN	20/05/05	giverglede
DA	20/05/05	gjørme
AP	20/05/05	intervjue
SA	20/05/05	leksikon
NL	20/05/05	opptatt
AA	20/05/05	resultat
AP	20/05/05	tragedie
DA	20/05/05	trengsel
AA	20/05/05	underskudd
AA	20/05/05	veilede
VG	20/05/06	alternativ
DB	20/05/06	forske
DA	20/05/06	kake
AP	20/05/06	konsum
AP	20/05/06	opphopning
AA	20/05/06	oppmyking
AP	20/05/06	oppmykning
DB	20/05/06	partikkel
AP	20/05/06	rådgiver
AA	20/05/06	skrekk
AP	20/05/06	stegning
VG	20/05/06	tabu
VG	20/05/06	utdeling
DB	20/05/06	vårens
AP	20/05/07	barnehage
BT	20/05/07	ekspedisjon
AP	20/05/07	jobb
AP	20/05/07	ledig
AA	20/05/07	reportasje
VG	20/05/07	serie
BT	20/05/07	styr
BT	20/05/07	tvangsregel
AP	20/05/08	arbeidsdag
AA	20/05/08	dødstallnivå
VG	20/05/08	frisyre
AP	20/05/08	ledighet
DA	20/05/08	minske
DB	20/05/09	friskmeldte
VG	20/05/09	gang
NL	20/05/09	hodepine
VG	20/05/09	krave
AA	20/05/09	plage
BT	20/05/09	reglane
DA	20/05/09	restriksjonene
VG	20/05/09	stil
AP	20/05/09	tillit
SA	20/05/09	trøtt
DB	20/05/09	video
DA	20/05/09	virusforskere
SA	20/05/09	virusoversikt
VG	20/05/10	comeback
AA	20/05/10	handlingsregel
DB	20/05/10	hotline
DB	20/05/10	koordinator
AA	20/05/10	millone
VG	20/05/10	målsetting
DB	20/05/10	smittested
VG	20/05/11	begravelse
DB	20/05/11	kostyme
DB	20/05/11	makt
DA	20/05/11	misbruke
AP	20/05/11	parkere
DB	20/05/11	slurv
VG	20/05/11	tak
VG	20/05/11	trener
BT	20/05/12	budsjett
DN	20/05/12	etterforskning
AP	20/05/12	fritak
VG	20/05/12	høring
AP	20/05/12	lekekamerat
AP	20/05/12	lekevenne
DA	20/05/12	opplevelse
VG	20/05/12	slagmark
DA	20/05/12	tørr
AA	20/05/13	middel
VG	20/05/13	virusrisiko
VG	20/05/13	virusutspill
VG	20/05/14	opplæring
VG	20/05/14	selfie
AA	20/05/14	verden
SA	20/05/15	aktuell
AP	20/05/15	graffiti
VG	20/05/15	krisekomitee
AP	20/05/15	nøkkel
VG	20/05/16	feire
DA	20/05/16	fred
AP	20/05/16	messig
SA	20/05/16	måte
VG	20/05/16	pasienters
BT	20/05/16	policy
FV	20/05/16	praten
DA	20/05/16	samle
DB	20/05/16	syken
DN	20/05/17	fremkalle
VG	20/05/17	maßnahme
SA	20/05/17	verk
SA	20/05/18	borgertog
VG	20/05/18	revidere
SA	20/05/18	støtteordning
DA	20/05/18	virkelighet
DB	20/05/18	virusforsømmelse
DN	20/05/19	gavmild
DA	20/05/19	risk
SA	20/05/19	suksess
VG	20/05/19	thriller
DA	20/05/19	triks
AA	20/05/19	utvalget
BT	20/05/20	klikk
VG	20/05/20	viruståke
AA	20/05/21	dvalen
AA	20/05/21	sanksjon
VG	20/05/21	spareråd
VG	20/05/22	avbrekk
VG	20/05/22	selskap
DB	20/05/23	demens
DB	20/05/23	infeksjonsutløse
DB	20/05/23	kappløp
VG	20/05/23	opphold
AA	20/05/23	virusofre
AP	20/05/24	forløp
SA	20/05/24	forsinkelse
DB	20/05/24	gryte
AP	20/05/24	lege
VG	20/05/24	panel
AP	20/05/25	golf
VG	20/05/25	hånd
FV	20/05/25	kortfilm
SA	20/05/25	russ
AA	20/05/25	utgave
VG	20/05/25	vasking
DB	20/05/25	virusstrategi
AA	20/05/26	felle
DA	20/05/26	fokus
AA	20/05/26	forenkling
DA	20/05/26	forside
DA	20/05/27	branntomt
DB	20/05/27	dokumentar
DB	20/05/27	dødsfallstatistikk
AP	20/05/27	faglig
DA	20/05/27	fredag
AA	20/05/27	gjenreising
DB	20/05/27	granske
DA	20/05/27	hule
DA	20/05/27	prislapp
BT	20/05/28	favoritt
DN	20/05/28	kollapsen
DA	20/05/28	restriksjoner
VG	20/05/28	turismesertifikat
DA	20/05/29	boble
AP	20/05/29	kamerat
DB	20/05/29	puse
DB	20/05/30	etterslep
VG	20/05/30	knuse
AP	20/05/30	problematikk
DB	20/05/30	splittelse
AA	20/05/30	stadion
DA	20/05/31	floke
SA	20/05/31	rydde
VG	20/06/01	19
DA	20/06/01	20
VG	20/06/01	fange
DA	20/06/01	frakt
DB	20/06/01	tog
DB	20/06/01	tving
NL	20/06/03	flagg
DN	20/06/03	profe
AP	20/06/03	program
DN	20/06/03	skape
DN	20/06/03	subsidie
AA	20/06/03	viruspause
DB	20/06/04	artikkel
BT	20/06/04	festspill
AA	20/06/04	glass
SA	20/06/04	glemsel
BT	20/06/04	krisefase
BT	20/06/04	kriseprogram
SA	20/06/04	kriseår
BT	20/06/04	omkamp
VG	20/06/04	potte
AA	20/06/04	pressemøte
AA	20/06/04	prisfall
AA	20/06/04	påbud
VG	20/06/04	rally
SA	20/06/04	reguleringenes
DB	20/06/05	lungevirus
DA	20/06/05	meter
DB	20/06/05	milepæl
AA	20/06/05	reletere
VG	20/06/05	shake
DB	20/06/06	drikk
DN	20/06/06	lab
BT	20/06/06	lønn
AA	20/06/06	pålegg
BT	20/06/06	shoppehopp
VG	20/06/06	utslag
VG	20/06/07	logg
DA	20/06/08	barnas
DA	20/06/08	stans
DA	20/06/08	tett
NL	20/06/08	vri
BT	20/06/09	bølgje
BT	20/06/09	juling
DB	20/06/09	påstand
VG	20/06/09	regulere
BT	20/06/10	utbrot
SA	20/06/10	variant
DN	20/06/11	børsnivå
BT	20/06/11	påføre
SA	20/06/11	style
VG	20/06/11	svindelsak
AA	20/06/11	økning
NL	20/06/12	blakk
DB	20/06/12	fotballe
NL	20/06/12	permitert
VG	20/06/12	svane
BT	20/06/13	kommissær
BT	20/06/13	serveringsregelen
AP	20/06/14	smittekartet
DB	20/06/15	dronning
DN	20/06/15	laks
BT	20/06/15	veddemål
VG	20/06/16	eliteserie
VG	20/06/16	prover.dk
VG	20/06/16	smittere
AP	20/06/17	forhold
VG	20/06/17	gjennomgang
AA	20/06/17	rykte
AA	20/06/17	skride
BT	20/06/17	stengd
VG	20/06/18	humor
SA	20/06/18	krisene
DB	20/06/18	redegjørelse
AA	20/06/18	rygg
VG	20/06/19	krisehåndtering
VG	20/06/19	planlegging
SA	20/06/19	teater
DA	20/06/20	kontekst
DA	20/06/20	sesjon
BT	20/06/21	kriseninvesteringsbanke
DN	20/06/21	liberal
VG	20/06/21	met
DN	20/06/21	nedkjøling
DB	20/06/21	rammede
VG	20/06/21	selvmord
DA	20/06/22	kampanje
VG	20/06/22	pauses
AA	20/06/22	peride
SA	20/06/22	sankthansfeiring
DA	20/06/22	støttekrone
VG	20/06/23	bryting
SA	20/06/23	finansering
DN	20/06/23	kreditt
DN	20/06/23	merking
AA	20/06/23	regelverk
DN	20/06/23	rette
DA	20/06/23	røyk
VG	20/06/24	kritisk
VG	20/06/24	prate
NL	20/06/24	ststengt
VG	20/06/24	vakuum
DN	20/06/24	virusresponsgruppe
AA	20/06/25	godkjenne
DB	20/06/25	kriterium
NL	20/06/25	reaksjon
BT	20/06/25	sjekkene
AP	20/06/25	smitterate
DB	20/06/25	søvn
VG	20/06/25	tråd
AA	20/06/26	getto
SA	20/06/26	krisegruppe
BT	20/06/26	shopping
VG	20/06/27	atskillelse
VG	20/06/27	improvisere
DA	20/06/27	leie
VG	20/06/27	restriksjonenes
VG	20/06/27	stillstand
AP	20/06/28	trene
FV	20/06/29	hilse
DB	20/06/29	midlertidig
DA	20/06/30	auksjon
VG	20/06/30	hjemreise
AA	20/06/30	hurtigtest
DA	20/06/30	oppkjøring
SA	20/06/30	semester
AA	20/06/30	side
SA	20/06/30	skolekull
VG	20/06/30	stopper
DB	20/06/30	vekter
DB	20/07/01	illustrasjon
VG	20/07/01	medsin
NL	20/07/01	pris
AA	20/07/01	resolusjon
DN	20/07/01	vaksinekandidat
AA	20/07/02	feilvurdering
DA	20/07/02	fotballens
VG	20/07/02	msitte
DB	20/07/02	utbetaling
DN	20/07/03	dipp
DA	20/07/03	tiden.1
AP	20/07/04	kontrollør
AA	20/07/04	kontrolløre
DB	20/07/04	virusprate
VG	20/07/05	dagpenger
SA	20/07/05	inngrep
DN	20/07/05	påminnelse
BT	20/07/05	rarterie
AA	20/07/05	smittevekst
AA	20/07/06	avtale
DN	20/07/06	resistent
DB	20/07/06	virusvirkelighete
DB	20/07/07	benekte
NL	20/07/07	bortvisning
AA	20/07/07	kabinett
DA	20/07/07	pandeie
VG	20/07/07	smittepøl
DA	20/07/08	situsajone
VG	20/07/09	ansvar
DB	20/07/09	mytteri
DA	20/07/09	overføring
DB	20/07/10	beting
DB	20/07/11	båt
VG	20/07/11	jubel
NL	20/07/12	ferierende
SA	20/07/12	skammekroken
SA	20/07/12	uteliv
SA	20/07/12	vaksineprosjekt
DN	20/07/13	smitterekorde
AA	20/07/13	støttelise
VG	20/07/13	vennelig
AA	20/07/13	virusstorme
VG	20/07/14	derby
AA	20/07/15	bevissthet
DN	20/07/16	etterdønning
AA	20/07/16	forsker
DB	20/07/16	livsstil
DA	20/07/16	sitausjone
SA	20/07/16	smitteutbrudd
VG	20/07/17	bygning
AA	20/07/17	enhet
AA	20/07/17	fastsydenskamangst
AA	20/07/17	fastsydenskamklimaangst
DN	20/07/17	oppsigelse
AA	20/07/17	sone
VG	20/07/18	faktor
BT	20/07/19	depresjon
VG	20/07/19	relatertedødsfall
DN	20/07/20	situajsone
DA	20/07/20	sommerferie
VG	20/07/21	bord
DN	20/07/21	kriseplan
VG	20/07/22	innsatsstyrke
SA	20/07/23	inspirasjon
BT	20/07/23	kontroller
DB	20/07/23	politkk
DN	20/07/23	skadeskyte
DB	20/07/24	instans
VG	20/07/24	kull
VG	20/07/24	ligafasite
AA	20/07/25	virusbølge
AA	20/07/27	stengnigen
AA	20/07/27	vaksineteste
DB	20/07/28	fadese
DB	20/07/28	puste
SA	20/07/28	skam
VG	20/07/28	stønad
DA	20/07/28	vindu
BT	20/07/29	herjing
DB	20/07/29	sexråd
SA	20/07/29	smittevernregel
DB	20/07/29	virustesting
AA	20/07/30	avvik
AA	20/07/30	bemanning
DB	20/07/30	bloggerne
DB	20/07/30	bråk
SA	20/07/30	paradigme
SA	20/07/30	sjekk
DB	20/07/30	vær
SA	20/08/01	forsikre
VG	20/08/01	omstendighet
FV	20/08/01	quiz
VG	20/08/01	skeptiker
BT	20/08/01	smitett
VG	20/08/01	spandemi
AA	20/08/02	drive
VG	20/08/02	front
FV	20/08/02	reserve
DB	20/08/02	sesongens
NL	20/08/02	skip
DB	20/08/02	smerte
NL	20/08/03	tokt
VG	20/08/04	aksjon
DA	20/08/05	varsling
DN	20/08/05	virusvariant
NL	20/08/06	apparat
DN	20/08/06	drevne
DN	20/08/06	innlegg
DN	20/08/06	innstramming
DA	20/08/06	marked
NL	20/08/06	smitteskandale
AA	20/08/06	testsenter
SA	20/08/06	tetsstasjon
DA	20/08/07	brosjyre
VG	20/08/07	håndbok
VG	20/08/07	kampfasite
DA	20/08/08	tilefelle
DB	20/08/09	redningspakka
DB	20/08/09	skjebneuke
DA	20/08/09	skygge
AA	20/08/09	telefonsjefe
VG	20/08/10	oppstart
DN	20/08/10	ordre
DA	20/08/10	raserie
DA	20/08/10	regelbryte
VG	20/08/10	smittetopp
SA	20/08/10	smitteverntiltake
DB	20/08/10	virusetvirus
DB	20/08/11	forsvar
AA	20/08/11	høst
VG	20/08/11	instramming
VG	20/08/11	lys
DA	20/08/11	markere
VG	20/08/11	patrulj
VG	20/08/11	patrulje
SA	20/08/11	spalte
DN	20/08/11	vinnernes
NL	20/08/12	smittekontroll
AA	20/08/12	stasjon
SA	20/08/12	testordning
VG	20/08/13	database
SA	20/08/13	forsiktig
VG	20/08/13	konfirmasjon
FV	20/08/13	oppblomstring
AA	20/08/13	oppslag
SA	20/08/13	symptomhurtigrute
AA	20/08/13	testsett
DA	20/08/14	enighet
VG	20/08/14	opprustning
DA	20/08/14	pasientene
AA	20/08/14	sykes
VG	20/08/14	årets
SA	20/08/15	forskjøv
DA	20/08/15	pdanemie
SA	20/08/15	spyttprøve
VG	20/08/16	kunstnerstipend
SA	20/08/16	påvirkning
AA	20/08/16	testkøe
AA	20/08/16	testkøer
DA	20/08/17	influere
AA	20/08/17	smittekonsert
BT	20/08/17	synder
AA	20/08/18	smittei
SA	20/08/19	brenning
AA	20/08/19	garn
VG	20/08/19	nede
VG	20/08/19	skoleperiode
AA	20/08/19	testmål
DA	20/08/20	kriselån
SA	20/08/20	prøvens
VG	20/08/20	smittebølgen
SA	20/08/20	stresse
BT	20/08/21	dominans
DA	20/08/21	portal
DA	20/08/21	presse
DA	20/08/21	show
DA	20/08/21	showe
DA	20/08/21	stormens
BT	20/08/21	stress
DA	20/08/21	testingopplegg
SA	20/08/21	viruseksempl
SA	20/08/21	viruseksemple
SA	20/08/23	plate
DA	20/08/24	medvind
AA	20/08/25	krisestøtte
DA	20/08/26	betraktning
VG	20/08/26	setting
SA	20/08/28	kjent
SA	20/08/28	misnøye
VG	20/08/29	high
VG	20/08/29	seilas
BT	20/08/29	vending
VG	20/08/30	kvote
FV	20/08/30	messige
BT	20/08/30	opinion
AA	20/08/31	hjemmekontor
BT	20/08/31	krasje
AA	20/08/31	oppgang
DA	20/08/31	purring
AA	20/08/31	vaksinering
DA	20/09/01	slegge
NL	20/09/01	telefonens
VG	20/09/01	testkapasite
NL	20/09/02	dansestudio
DN	20/09/02	nedstegning
SA	20/09/02	oppførsel
BT	20/09/02	reiseregel
DA	20/09/02	restreksjone
DB	20/09/02	skylapp
DA	20/09/02	søppel
DB	20/09/02	testmaskine
SA	20/09/03	begrensing
VG	20/09/03	bekjemping
VG	20/09/03	kullstudente
DA	20/09/03	pasientenes
VG	20/09/03	skoleministre
AA	20/09/03	tale
DB	20/09/03	testopplegg
SA	20/09/03	testteltet
AP	20/09/04	flykte
DA	20/09/04	legevakt/luftveismottak/telefon
BT	20/09/04	organisering
DN	20/09/04	taper
VG	20/09/05	amputere
BT	20/09/05	forfall
BT	20/09/06	kjas
DB	20/09/07	hoste
DB	20/09/07	regelemente
VG	20/09/07	samarbeid
VG	20/09/07	samarbeide
SA	20/09/08	kriseforståelse
DN	20/09/08	landskamp
AA	20/09/08	nivå
VG	20/09/08	spenning
FV	20/09/08	virusforfall
DB	20/09/09	støyt
SA	20/09/09	svak
VG	20/09/09	årsak
DN	20/09/10	disiplin
DB	20/09/10	forkort
DN	20/09/10	lærdom
DA	20/09/10	løgn
DB	20/09/10	mulighet
SA	20/09/10	smitteregime
SA	20/09/10	trøtte
DA	20/09/10	vettkurs
BT	20/09/11	billett
VG	20/09/11	frafalle
VG	20/09/11	naivitet
AA	20/09/11	preg
DA	20/09/11	tribune
AA	20/09/11	vaksineprodusente
DB	20/09/11	vrirus
DB	20/09/12	tvilere
VG	20/09/14	sparke
AP	20/09/15	humorboke
AA	20/09/15	monitorundersøkelse
DA	20/09/16	beretning
NL	20/09/16	lønnsoppgjør
DB	20/09/16	slitasje
NL	20/09/17	en
AA	20/09/17	gul
DA	20/09/17	hendelse
SA	20/09/17	initiere
DB	20/09/17	proposisjon
VG	20/09/17	virusresponse
VG	20/09/18	frafall
VG	20/09/18	regele
NL	20/09/18	regn
VG	20/09/19	krisegrep
VG	20/09/19	vir
SA	20/09/20	kapittel
VG	20/09/21	nettside
VG	20/09/22	ssosiert
BT	20/09/23	brann
DB	20/09/23	farse
NL	20/09/23	fornekting
DB	20/09/23	tretthet
DB	20/09/24	festing
BT	20/09/24	samfunn
VG	20/09/24	sjåvinisme
FV	20/09/24	spesialkonserte
AA	20/09/24	student
VG	20/09/25	hund
DB	20/09/25	kontrovers
VG	20/09/25	kvalifisering
DB	20/09/25	testhunde
VG	20/09/26	distanse
VG	20/09/26	landsmøte
SA	20/09/27	blø
DA	20/09/27	kilo
SA	20/09/27	klarere
SA	20/09/28	duell
DB	20/09/28	kjekling
DB	20/09/28	oslo
VG	20/09/28	trøtthet
VG	20/09/28	vinter
SA	20/09/28	virusstudie
DB	20/09/29	føring
FV	20/09/29	refse
SA	20/09/29	ting
AP	20/09/30	markering
DN	20/09/30	støttepakke
DA	20/10/01	søkelys
VG	20/10/01	usikker
VG	20/10/01	virusprotokollen
DN	20/10/02	diagonse
DN	20/10/02	innstramning
AA	20/10/02	kohort
AA	20/10/02	testresultat
DB	20/10/02	testsituasjon
DB	20/10/03	journalist
VG	20/10/03	smitteboom
VG	20/10/03	smitteboome
DB	20/10/03	terminliste
BT	20/10/04	hosting
AA	20/10/05	biltur
DA	20/10/05	episode
AA	20/10/05	fortegn
SA	20/10/06	begrunne
VG	20/10/06	merutgift
NL	20/10/06	situasjonens
AP	20/10/06	sløv
AA	20/10/06	verktøy
VG	20/10/07	erstatning
DB	20/10/07	justering
DA	20/10/07	kompensesjon
VG	20/10/07	slite
DA	20/10/07	tilling
DB	20/10/07	vaske
VG	20/10/08	apati
SA	20/10/08	brakke
DA	20/10/08	lrelatere
DB	20/10/08	martyr
NL	20/10/08	senterledere
DB	20/10/08	virusdiagnose
SA	20/10/09	sang
AA	20/10/10	jukssak
VG	20/10/10	lei
AA	20/10/10	støttejuks
NL	20/10/10	trålerens
VG	20/10/11	sykepleier
DA	20/10/11	telefonen/testsente
SA	20/10/12	halvår
BT	20/10/12	testsvar
VG	20/10/13	estriksjone
VG	20/10/13	smittetrykk
NL	20/10/13	tråler
AA	20/10/13	vaksinasjon
AA	20/10/13	vaksinetesting
AA	20/10/14	forsøk
VG	20/10/14	slutt
DA	20/10/14	strupe
AA	20/10/15	bomber
DB	20/10/15	friskmelding
VG	20/10/15	klasseskille
AA	20/10/15	søksmål
DA	20/10/15	trist
AA	20/10/16	barnstudie
AP	20/10/16	cocktail
DB	20/10/16	håntering
AA	20/10/16	list
DB	20/10/16	realerte
DA	20/10/16	turist
VG	20/10/16	visrus
SA	20/10/18	maskert
AA	20/10/19	vaksinens
VG	20/10/20	mutasjon
BT	20/10/21	flyktning
DA	20/10/21	negativ
DB	20/10/23	bløff
AA	20/10/23	gjeng
AP	20/10/23	metafor
DB	20/10/23	segment
DB	20/10/24	jul
DA	20/10/24	shoppe
AP	20/10/26	bygg
DA	20/10/26	ensomhet
DB	20/10/26	epandemi
DA	20/10/26	grunne
DA	20/10/26	kompensere
DB	20/10/26	rust
DA	20/10/27	innskjerpelse
DA	20/10/27	innskjerping
DA	20/10/27	kulturpolitikk
BT	20/10/27	kvise
SA	20/10/27	skryt
AA	20/10/27	smitterekord
AP	20/10/29	forskriftene
AA	20/10/29	lunsj
VG	20/10/29	merkostnad
VG	20/10/30	rede
VG	20/10/30	sengepost
SA	20/10/31	pengepott
AA	20/11/01	retiltake
VG	20/11/02	arbeidsgruppe
DB	20/11/02	trøstesangen
VG	20/11/03	beredeskap
VG	20/11/03	enke
DA	20/11/04	ofrenes
AP	20/11/04	viruss
DB	20/11/05	vane
NL	20/11/05	vaskejobb
SA	20/11/06	avtrykk
AA	20/11/06	innskjerpning
DA	20/11/06	redde
NL	20/11/06	skruen
DB	20/11/06	virusmutering
VG	20/11/06	ødelegge
AA	20/11/07	innstraming
VG	20/11/07	ordfører
BT	20/11/07	smutthull
DB	20/11/09	lag
DB	20/11/09	minke
VG	20/11/09	oljepakke
DB	20/11/09	tjenestemann
DN	20/11/09	vaksinenyh
DB	20/11/09	virusfeste
DB	20/11/10	nedgang
DA	20/11/10	tømme
AA	20/11/10	vacvaksine
AA	20/11/10	vaksineforsøk
VG	20/11/10	vaksinegjennombrudd
DA	20/11/10	vei
AA	20/11/10	virusmutasjon
AA	20/11/10	vrier
DA	20/11/11	dødstopp
DB	20/11/11	lage
BT	20/11/11	målstrek
AP	20/11/11	regelforvirr
AA	20/11/11	vac
AP	20/11/12	bølgens
DB	20/11/12	cop
AA	20/11/12	gjest
AA	20/11/12	viruseksponering
VG	20/11/13	infoen
NL	20/11/13	påskjønnelse
VG	20/11/13	seminar
AA	20/11/13	støttejuksere
DN	20/11/13	takling
AA	20/11/13	vaksineselskape
DA	20/11/14	barn
AP	20/11/14	hilsing
DB	20/11/14	juksere
DA	20/11/14	kreativ
DB	20/11/14	lovverk
BT	20/11/14	skute
DA	20/11/14	smitteverntiltak
AA	20/11/15	diskriminering
DB	20/11/15	dritt
DB	20/11/15	eksperiment
DA	20/11/16	bevilgning
DB	20/11/16	galskap
VG	20/11/16	lovgivning
AA	20/11/16	rådgivningskomité
AA	20/11/16	situasjoine
AP	20/11/16	testregime
DN	20/11/16	vaksinenyhete
SA	20/11/17	arm
DA	20/11/17	depping
DB	20/11/17	feiring
DA	20/11/17	forakt
DA	20/11/17	förakte
DA	20/11/17	skulder
AA	20/11/17	spørreundersøkelse
VG	20/11/17	vaksinasjonsprogram
DA	20/11/18	hode
VG	20/11/18	nedstenge
AP	20/11/18	vaksines
AP	20/11/19	hælvete
DA	20/11/19	ideell
VG	20/11/19	koalisjon
VG	20/11/19	senke
DA	20/11/20	handleår
VG	20/11/20	klasse
AA	20/11/21	attest
AP	20/11/21	bære
DB	20/11/21	landslag
AP	20/11/21	pekefinger
DN	20/11/21	spraye
SA	20/11/22	sentrere
VG	20/11/22	tiltak.no
AA	20/11/23	aksjonere
SA	20/11/23	juleferie
AA	20/11/23	kontrollere
DA	20/11/24	kritiker
AA	20/11/24	postere
AA	20/11/24	regnskap
DB	20/11/24	virusoverflate
DN	20/11/25	passappe
AA	20/11/25	sporing
AA	20/11/27	drømmer
VG	20/11/27	fortvilet
DA	20/11/27	julegave
DB	20/11/27	tagg
AP	20/11/27	virusorganisme
DA	20/11/28	pautbrudde
DN	20/11/28	rakett
VG	20/11/29	kystvakt
FV	20/11/29	utlysning
SA	20/11/30	kule
SA	20/11/30	mørk
DB	20/12/01	konsept
VG	20/12/01	kul
VG	20/12/01	kulen
DN	20/12/01	oppvåkning
DN	20/12/01	skattepakken
DN	20/12/01	smitteøkning
DA	20/12/02	brille
DB	20/12/02	daske
SA	20/12/02	hyggemodus
AP	20/12/02	instruks
BT	20/12/02	pott
SA	20/12/02	tidstypisk
AA	20/12/02	vaksinedose
AP	20/12/03	em
VG	20/12/03	ensom
DB	20/12/03	kapitalisme
DB	20/12/03	ribbe
BT	20/12/03	tynge
AA	20/12/04	legemiddel
DB	20/12/04	publikum
AA	20/12/04	varslingssystem
VG	20/12/05	sjåfør
DN	20/12/05	trøkk
DA	20/12/05	vaksinebevis
AA	20/12/06	forskriftens
SA	20/12/06	hotellopphold
AP	20/12/06	kant
DA	20/12/06	karanteneutestengte
AA	20/12/06	vaksinert
SA	20/12/07	bryderi
DB	20/12/07	gavedryss
VG	20/12/08	demning
AA	20/12/08	helsetoppenes
AA	20/12/08	kuttene
AA	20/12/08	telefonordning
AP	20/12/09	hindring
DB	20/12/09	hjelpetelefon
DA	20/12/09	spytt
DB	20/12/09	stimuleringspakke
VG	20/12/09	trøst
DA	20/12/11	stuasjone
SA	20/12/11	tunell
DA	20/12/12	bilferie
AA	20/12/13	bistand
DB	20/12/13	oppbygging
AA	20/12/13	retriksjone
DB	20/12/13	virusvariante
AP	20/12/13	ånd
AA	20/12/14	mangle
AP	20/12/14	mesterskap
AA	20/12/14	trinnsystem
DA	20/12/15	julefeiring
AA	20/12/15	stortingsvalg
DA	20/12/15	system
DB	20/12/16	bakpå
DN	20/12/16	juletid
DN	20/12/16	pandemiår
DB	20/12/16	trafikklyssystem
VG	20/12/16	trykk
DB	20/12/16	trøste
DB	20/12/16	tyste
AA	20/12/16	utrulling
AP	20/12/17	hotellordning
BT	20/12/17	skattepakke
AP	20/12/17	skøyteboblen
AA	20/12/18	grøserre
AA	20/12/18	gys
VG	20/12/18	heltenes
DA	20/12/18	lidelse
DB	20/12/18	spydspiss
DA	20/12/18	utmattelse
DB	20/12/18	vaksinasjonsveiledere
BT	20/12/20	problematisk
VG	20/12/20	virusmutasjone
AP	20/12/21	gull
DN	20/12/21	skuffelse
DB	20/12/22	kjendis
VG	20/12/22	vert
DA	20/12/22	ølmeme
AA	20/12/23	pårørend
AA	20/12/23	sorg
AA	20/12/23	start
DB	20/12/23	task
AA	20/12/23	vaksinenes
AA	20/12/23	virusversjone
BT	20/12/24	målestokk
DB	20/12/24	pandemine
DA	20/12/24	teefone
DA	20/12/25	band
DA	20/12/25	lakk
DB	20/12/26	forlenge
AA	20/12/27	aktivitet
AA	20/12/27	håndheving
DA	20/12/28	mas
AP	20/12/30	viruspartikle
VG	20/12/31	hit
SA	20/12/31	realtere
BT	21/01/01	ankre
DN	21/01/01	seier
AA	21/01/01	testplikt
DB	21/01/04	sektor
DB	21/01/04	sykdomsforløp
AP	21/01/04	utslått
AA	21/01/05	dempe
AP	21/01/05	dramatikk
DA	21/01/05	korrekt
DA	21/01/05	ordskifte
SA	21/01/05	solamøt
SA	21/01/06	dose
DB	21/01/06	fotspor
SA	21/01/06	kompensasjonsordning
AP	21/01/06	motstand
AA	21/01/06	papir
NL	21/01/06	renn
AP	21/01/06	syndebukke
SA	21/01/07	kapasitet
SA	21/01/07	starte
AP	21/01/08	avbryte
AP	21/01/08	kjør
AP	21/01/08	opplegg
AP	21/01/08	telling
AA	21/01/08	vaksineringsprogram
AA	21/01/09	balaklava
VG	21/01/09	bussutbrudd
AA	21/01/10	glissen
DB	21/01/10	juks
VG	21/01/10	skussmål
AA	21/01/10	stillhet
DB	21/01/10	sykdomstilfelle
DA	21/01/10	udyr
AA	21/01/11	varsko
DB	21/01/12	kampprogram
DA	21/01/12	pandemiparanoia
AP	21/01/13	anledning
AP	21/01/13	anmeldelse
AA	21/01/13	pengekrangel
DA	21/01/13	testrunde
AP	21/01/13	vaksinekøen
BT	21/01/14	etat
VG	21/01/14	tirsdag
DA	21/01/14	trang
AA	21/01/18	lemping
DA	21/01/18	relatrete
DA	21/01/18	vise
SA	21/01/19	forvirret
DN	21/01/19	pengebruk
AA	21/01/19	testerfaring
NL	21/01/19	virusspredere
SA	21/01/20	rådgivning
AP	21/01/20	spesialbehandling
DA	21/01/20	vaksinesamarbeid
SA	21/01/20	vstand
AP	21/01/22	forsvarlig
AA	21/01/22	overtredelse
DA	21/01/22	tapere
DA	21/01/22	utakt
AA	21/01/23	hymne
VG	21/01/23	krisenpakke
DB	21/01/24	mutant
VG	21/01/24	type
DB	21/01/24	virusovervåkning
DB	21/01/25	prøvesvare
AA	21/01/26	opptøyer
AA	21/01/27	befrielse
SA	21/01/27	kjip
AP	21/01/27	lydmur
VG	21/01/27	smittefarlig
AP	21/01/27	trett
AP	21/01/28	hverdagens
NL	21/01/28	shaming
AP	21/01/28	sjukdom
VG	21/01/29	baktepp
DB	21/01/29	raid
DA	21/01/29	sperring
DN	21/01/29	triumf
AP	21/01/30	faktum
DA	21/01/30	minister
AP	21/01/31	energi
VG	21/01/31	intensive
VG	21/01/31	viruspigg
DA	21/02/01	byrde
DB	21/02/01	restiksjone
BT	21/02/02	bil
AP	21/02/02	innsamling
AP	21/02/03	journalistikk
AA	21/02/03	søknad
AA	21/02/03	vaksinetilgangen
AP	21/02/03	økte
SA	21/02/04	bile
BT	21/02/04	bobil
AP	21/02/04	gjenoppbygging
AP	21/02/04	okkupere
VG	21/02/05	korsfarer
SA	21/02/05	materiell
AA	21/02/05	statssekretær
AP	21/02/06	forelder
DA	21/02/06	svenske
DB	21/02/06	sykdomsperiode
VG	21/02/06	vaccination
DA	21/02/06	vaksinesertifikat
DA	21/02/07	enmarkering
AA	21/02/07	epoke
VG	21/02/08	kulle
AA	21/02/10	etterretning
DN	21/02/10	nødplan
DB	21/02/10	viruste
VG	21/02/12	flyge
VG	21/02/12	musikkåret
AP	21/02/12	tilsyn
DB	21/02/12	vaksinekomité
AP	21/02/12	vaksineleveranse
VG	21/02/13	blikk
VG	21/02/13	demon
VG	21/02/13	innkvartering
DA	21/02/13	myndighetsperson
BT	21/02/13	unnskyldning
VG	21/02/14	luftsmitte
DB	21/02/15	skyting
VG	21/02/15	smittekrise
DB	21/02/16	informasjonsside
AP	21/02/16	kommentator
VG	21/02/16	virs
VG	21/02/17	hemmeligholde
DB	21/02/17	live
VG	21/02/18	avsløring
AA	21/02/18	kommisjonforklaring
AP	21/02/18	talsmann
DA	21/02/18	virusprotokolle
VG	21/02/19	legge
AA	21/02/19	myndighet
AP	21/02/19	særegen
VG	21/02/20	feie
DB	21/02/20	siutasjone
DA	21/02/21	eksamen
AA	21/02/21	invasjon
DB	21/02/21	klaus
DB	21/02/21	klause
AA	21/02/21	testbusse
SA	21/02/21	vaksinasjonssente
DA	21/02/22	fot
DA	21/02/22	profitt
AA	21/02/22	smittefrykt
DA	21/02/22	teststrategi
VG	21/02/23	fjorår
DB	21/02/23	sykehushotell
DB	21/02/24	virusplage
DB	21/02/25	album
DA	21/02/25	merarbeid
DA	21/02/25	paranoia
VG	21/02/26	infosending
DA	21/02/26	professor
DB	21/02/26	testkø
VG	21/02/26	testlokal
BT	21/02/27	kvele
DB	21/02/28	tion
DA	21/03/01	elendighet
DA	21/03/01	trygd
DB	21/03/02	baluba
DB	21/03/02	framgang
DN	21/03/02	passkontroll
DN	21/03/02	rote
AA	21/03/02	splid
VG	21/03/03	brudne
AP	21/03/03	hate
SA	21/03/04	innhenting
AP	21/03/04	krisemidle
DN	21/03/04	landsmode
DB	21/03/04	restitusjon
VG	21/03/07	forsiktighet
SA	21/03/07	fristelse
AP	21/03/07	litteratur
AA	21/03/08	svineri
