VG	1/09	virus
VG	1/09	viruset
AP	1/16	virusfamilien
DB	1/21	familien
AP	1/21	virusutbruddet
DB	1/21	virusvaksiner
VG	1/22	virusepidemier
DB	1/24	smitte
DB	1/24	sykehuset
VG	1/24	utbruddet
VG	1/25	epidemien
AP	1/25	pasienter
VG	1/25	smittede
DN	1/27	virusutbrudd
DB	1/28	fast
VG	1/28	virusets
VG	1/29	virussmitte
VG	1/30	smitten
DN	1/30	virusen
AA	1/31	merket
AP	1/31	virusene
VG	1/31	virussmittede
VG	2/01	spredning
VG	2/02	dødsfall
VG	2/02	dødsfallet
VG	2/02	rammede
VG	2/02	smittetilfeller
DB	2/02	tilfelle
VG	2/02	virusinfeksjon
VG	2/02	virussymptomer
VG	2/02	vitsene
VG	2/03	gjennombrudd
VG	2/03	sykehus
VG	2/06	varsler
VG	2/06	virusepidemien
DB	2/06	virussykdom2
VG	2/08	varsleren
VG	2/10	kritikk
DB	2/10	virusspøk
DB	2/11	virussmittet
VG	2/12	smittet
VG	2/12	utløst
AP	2/13	debatten
DA	2/14	fritt
DB	2/14	karantene
VG	2/16	frykten
DN	2/18	virusadvarsel
DN	2/18	virustap
DB	2/19	infisert
DN	2/19	optimisme
DB	2/20	virusdødsfall
VG	2/21	prøver
DN	2/21	tap
AA	2/21	test
DB	2/24	mysterium
DN	2/24	utsatt
VG	2/25	avstengt
VG	2/25	krise
SA	2/25	pasientene
VG	2/25	post
VG	2/25	situasjonen
DN	2/25	stopp
SA	2/25	tester
VG	2/25	viruskarantene
AP	2/26	frykt
VG	2/26	tiltak
DB	2/26	tsar
SA	2/26	utbrudd
VG	2/26	viruspasient
AA	2/26	virustester
NL	2/26	virustilfelle
VG	2/26	virustrusselen
VG	2/27	beredskap
VG	2/27	damene
BT	2/27	epidemi
VG	2/27	koret
VG	2/27	mistanke
DN	2/27	nedturen
DB	2/27	pasient
VG	2/27	spådommer
BT	2/27	spørsmål
DB	2/27	sykdom
BT	2/27	syke
DN	2/27	utstyr
AA	2/27	virusepidemi
BT	2/27	virushar
DA	2/27	virussykdommen
NL	2/28	dekning
VG	2/28	fare
BT	2/28	informasjon
SA	2/28	legevakt
DB	2/28	permittere
NL	2/28	plan
BT	2/28	rom
AA	2/28	råd
BT	2/28	samtaler
DB	2/28	sending
DB	2/28	sjekk
DN	2/28	syk
AA	2/28	testing
AA	2/28	tilfellet
DB	2/28	tsaren
VG	2/28	vaksine
AP	2/28	vaksinen
VG	2/28	virusbeskyttelse
SA	2/28	virustesten
DB	2/29	prøvesvar
VG	2/29	studio
AA	2/29	trusselen
BT	2/29	virusrammede
AA	2/29	virusrutiner
DN	3/01	knekk
DA	3/01	kobling
SA	3/01	retningslinjer
DB	3/01	smittete
NL	3/01	tilfellene
DA	3/01	utviklingen
AA	3/02	angst
AA	3/02	angsten
DA	3/02	beskyttelse
AP	3/02	dager
DN	3/02	effekt
VG	3/02	hamstring
BT	3/02	infiserte
AA	3/02	inspektører
AA	3/02	land
VG	3/02	nyheter
DN	3/02	patent
VG	3/02	regler
AA	3/02	stoff
DB	3/02	svindel
DB	3/02	svindlere
BT	3/02	telefonen
NL	3/02	testes
BT	3/02	testet
DN	3/02	viruseffekten
DB	3/02	viruskontrollører
AP	3/03	behandling
DN	3/03	effekten
DN	3/03	grep
SA	3/03	områder
VG	3/03	problemet
VG	3/03	prøve
NL	3/03	pågangen
DA	3/03	tilfeller
VG	3/03	trøbbel
DA	3/03	viruseffekt
DN	3/03	viruspanikken
DA	3/03	virussituasjonen
AA	3/03	virussykdom
SA	3/03	virustest
DB	3/04	alarm
VG	3/04	bekymret
DA	3/04	influenser
AP	3/04	krisen
DN	3/04	melding
SA	3/04	nummer
VG	3/04	permitteringer
AA	3/04	prøvene
DA	3/04	saker
DB	3/04	smitterisiko
SA	3/04	smittetilfelle
AA	3/04	smittetiltak
VG	3/04	spredningen
VG	3/04	testene
DN	3/04	trøblete
DN	3/04	uroen
VG	3/04	vasken
VG	3/05	avlyst
AA	3/05	kamp
VG	3/05	karante
VG	3/05	klarsignal
DN	3/05	måned
DN	3/05	relatert
DN	3/05	samtalen
SA	3/05	smittede/mistenkte
SA	3/05	sms
NL	3/05	stengt
DA	3/05	telefon
VG	3/05	testen
DB	3/06	avlyser
DB	3/06	beskjeden
DN	3/06	effektene
DA	3/06	gruppe
AA	3/06	historien
VG	3/06	karantenen
DN	3/06	konsekvenser
BT	3/06	nytt
DN	3/06	perioden
VG	3/06	rammet
AA	3/06	risikoen
VG	3/06	rådene
DN	3/06	sjokket
DA	3/06	stanser
DB	3/06	svar
AA	3/06	virusfrykt
DB	3/06	vits
SA	3/07	brems
VG	3/07	fase
DB	3/07	grepene
AA	3/07	hotell
VG	3/07	håndtering
AA	3/07	isolasjon
AA	3/07	kansellerte
DA	3/07	konferanse
VG	3/07	pandemien
DN	3/07	panikk
AP	3/07	panikken
AP	3/07	positive
BT	3/07	reglene
AA	3/07	restriksjoner
BT	3/07	status
AP	3/07	stenging
DB	3/07	virustider
AA	3/08	faren
BT	3/08	faste
VG	3/08	hensyn
AA	3/08	prøven
AA	3/08	relaterte
VG	3/08	smitt
AP	3/08	tider
DB	3/08	trend
VG	3/08	virusalarmen
AA	3/09	alarmen
DB	3/09	helvete
VG	3/09	infeksjonen
SA	3/09	jakt
DA	3/09	krisepakke
AP	3/09	kupp
VG	3/09	pasienten
SA	3/09	telefoner
SA	3/09	testingen
VG	3/09	uvær
BT	3/09	vedtak
AA	3/09	virusfrykten
SA	3/09	viruspandemien
DA	3/10	analyser
SA	3/10	avbestillinger
DA	3/10	avlysninger
DA	3/10	delen
VG	3/10	dugnad
VG	3/10	dødsraten
AA	3/10	eksponering
AA	3/10	eksponeringen
DB	3/10	eksponert
AA	3/10	endringer
AA	3/10	filmen
DB	3/10	håndteringen
VG	3/10	jobbproblemer
NL	3/10	knekken
AP	3/10	knipen
FV	3/10	konkurser
DB	3/10	krisa
DA	3/10	linja
VG	3/10	mareritt
VG	3/10	politikk
VG	3/10	praksis
AP	3/10	skandale
SA	3/10	smitta
VG	3/10	smittefaren
AA	3/10	spøkelset
VG	3/10	studie
DN	3/10	tiltakene
VG	3/10	trøbbelet
SA	3/10	villrede
VG	3/11	avlysning
AA	3/11	beredskapen
BT	3/11	forvirring
VG	3/11	infeksjon
AA	3/11	konsekvensene
DA	3/11	linjen
DB	3/11	masker
DN	3/11	problemene
DB	3/11	produkter
SA	3/11	smittefare
VG	3/11	smitteområder
VG	3/11	spesial
DN	3/11	splitt
DB	3/11	telefonene
DA	3/11	telt
DN	3/11	trenden
AA	3/12	anslag
NL	3/12	bekymringen
AA	3/12	forbehold
DA	3/12	frie
DA	3/12	handlingen
BT	3/12	hjelp
AP	3/12	isolat
DN	3/12	jus
BT	3/12	klinikk
BT	3/12	klinikken
DA	3/12	krav
DB	3/12	liknende
DA	3/12	linjene
DB	3/12	lock
NL	3/12	mottak
NL	3/12	mottaket
VG	3/12	planene
BT	3/12	podden
VG	3/12	positivt
VG	3/12	problemer
DA	3/12	psyken
DA	3/12	senter
DA	3/12	senteret
DB	3/12	smittesenteret
DA	3/12	stenger
VG	3/12	stengte
FV	3/12	utbredelse
SA	3/12	utsettelse
VG	3/12	varsel
BT	3/12	vern
NL	3/12	virusforløpet
VG	3/12	viruskrisen
VG	3/12	viruspasienter
AA	3/12	virussituasjon
DB	3/12	virustoppen
DB	3/13	asyl
VG	3/13	avlysningene
AP	3/13	bidrag
DN	3/13	boom
AP	3/13	diagnostikk
DB	3/13	fester
VG	3/13	forslag
SA	3/13	fri
SA	3/13	hjelpen
VG	3/13	isolert
AP	3/13	kaos
AA	3/13	kaoset
AA	3/13	knappen
AP	3/13	konto
VG	3/13	kontraster
NL	3/13	kortet
DN	3/13	kraft
DA	3/13	løft
DB	3/13	medisiner
DA	3/13	moralen
DB	3/13	musikal
DB	3/13	musikalen
AP	3/13	news
VG	3/13	overkjøre
AP	3/13	pakke
AP	3/13	rutinene
DA	3/13	sakene
VG	3/13	situasjon
SA	3/13	stansede
AP	3/13	strandede
DB	3/13	symptomer
AA	3/13	teste
AP	3/13	unntakstilstand
AA	3/13	utsatte
VG	3/13	virkningene
BT	3/13	virusprøver
DB	3/13	virussyke
AP	3/13	virustyper
NL	3/13	øvelse
VG	3/14	dvale
DB	3/14	dødsfallene
VG	3/14	handling
AA	3/14	henvendelser
BT	3/14	herjet
DB	3/14	hysteri
SA	3/14	informasjonen
DB	3/14	kommentar
DB	3/14	kommentarer
DA	3/14	kutt
AP	3/14	pandemiens
DN	3/14	rabatt
AA	3/14	regjering
DB	3/14	røde
SA	3/14	solidaritet
VG	3/14	spøk
DA	3/14	støvet
SA	3/14	tiden
SA	3/14	virusfaste
VG	3/15	bekreftelsen
NL	3/15	byks
BT	3/15	ferie
FV	3/15	hverdagen
VG	3/15	klausul
VG	3/15	konsertkonseptet
VG	3/15	krakket
AP	3/15	krisefond
AP	3/15	krisefondet
DB	3/15	lovene
VG	3/15	pause
DB	3/15	raseri
DN	3/15	responsen
BT	3/15	restriksjonen
AA	3/15	restriksjonene
DA	3/15	symptomene
AA	3/15	tiltakspakken
VG	3/15	tjeneste
AA	3/15	unntak
NL	3/15	utfordringer
VG	3/16	avgjørelsene
AA	3/16	bedragere
DA	3/16	bekjempelsen
AA	3/16	dugnaden
DB	3/16	døde
DB	3/16	dødstall
SA	3/16	epidemiens
VG	3/16	episenter
VG	3/16	farene
DB	3/16	forhandlinger
AA	3/16	koden
DB	3/16	komiteen
VG	3/16	krisens
VG	3/16	krisepakken
NL	3/16	kurvene
AA	3/16	linje
DB	3/16	rapport
SA	3/16	sjuke
AA	3/16	smittebærere
SA	3/16	trygt
SA	3/16	utgifter
AA	3/16	utsettelsene
DB	3/16	vaksinene
DA	3/16	virusspesial
VG	3/16	ølet
AA	3/17	avlyste
AA	3/17	begrunnelse
VG	3/17	fengselet
AA	3/17	isolasjonen
AA	3/17	isoleringen
AP	3/17	karantenesenter
VG	3/17	krisehjelp
AA	3/17	lån
DA	3/17	pakken
BT	3/17	saken
DB	3/17	sjokk
VG	3/17	strid
BT	3/17	sykdommen
SA	3/17	tidene
DB	3/17	vakt
AA	3/18	analyse
VG	3/18	baren
DA	3/18	bølge
DB	3/18	datainnsamling
AA	3/18	drakter
BT	3/18	eksil
DB	3/18	kart
DB	3/18	kartet
DB	3/18	kriselov
DA	3/18	legevakten
AP	3/18	lockdown
DB	3/18	lov
DB	3/18	loven
NL	3/18	party
BT	3/18	permittert
VG	3/18	permitterte
DA	3/18	risikogruppene
DA	3/18	sannsiger
DA	3/18	scenarioer
VG	3/18	smitteutbredelsen
DB	3/18	staben
VG	3/18	statsråder
NL	3/18	stenge
AA	3/18	stenginga
DA	3/18	usikkerhet
DB	3/18	uttalelser
AA	3/18	virusinnsats
AA	3/18	virustilfeller
DA	3/19	avlaster
AP	3/19	bekjempelse
NL	3/19	brevet
DB	3/19	brudd
AA	3/19	diagnose
SA	3/19	flytter
DB	3/19	forskriftene
AP	3/19	innleggelser
VG	3/19	inspirert
DB	3/19	kluss
AA	3/19	komité
VG	3/19	kriseledelse
NL	3/19	lignende
DB	3/19	marerittet
BT	3/19	medisin
VG	3/19	nens
DB	3/19	ofrene
DA	3/19	oppfølging
DA	3/19	pandemi
AA	3/19	permittering
VG	3/19	planer
FV	3/19	stenges
AA	3/19	tilskudd
VG	3/19	vesenet
DB	3/19	virusbehandling
VG	3/19	virusrasisme
AA	3/19	virustrenden
SA	3/20	bestemmelser
AP	3/20	dagene
AP	3/20	dans
DB	3/20	detektivene
DB	3/20	detektiver
VG	3/20	dødstallene
VG	3/20	enstid
AA	3/20	fond
AA	3/20	fravær
AA	3/20	fødestuen
AP	3/20	hits
BT	3/20	hjelper
BT	3/20	kampen
VG	3/20	klinikker
DB	3/20	kriseloven
AP	3/20	kroppen
AP	3/20	lovbrudd
BT	3/20	lovforslag
AP	3/20	maskot
AA	3/20	monitor
DN	3/20	mørket
DN	3/20	offer
AA	3/20	oppmuntring
AP	3/20	partys
DA	3/20	pausen
DA	3/20	psykens
VG	3/20	regningen
AA	3/20	relevant
VG	3/20	sjuk
AA	3/20	smittedes
AA	3/20	stengning
DB	3/20	straffene
DA	3/20	sykehjem
DB	3/20	tallene
SA	3/20	tapet
SA	3/20	troll
SA	3/20	trollet
AA	3/20	trussel
DB	3/20	tørke
VG	3/20	utbruddets
VG	3/20	utfordringen
BT	3/20	utrykninger
BT	3/20	utvalg
BT	3/20	utvalget
AP	3/20	versjon
AP	3/20	virusinfeksjonen
AP	3/20	viruskostyme
DN	3/20	virusspredningen
NL	3/20	økonomien
VG	3/21	advarsler
VG	3/21	akonsekvenser
AA	3/21	bestemmelsene
AA	3/21	eksperter
DN	3/21	eksport
AA	3/21	forbud
AA	3/21	gruppen
VG	3/21	herjede
BT	3/21	hjerne
AP	3/21	lover
VG	3/21	lunger
VG	3/21	perspektiv
DB	3/21	redd
BT	3/21	resesjonen
VG	3/21	sammenheng
AA	3/21	smittebefengte
SA	3/21	smitteråd
AA	3/21	søk
AA	3/21	søkene
DB	3/21	tid
VG	3/21	tilstander
AA	3/21	vaksiner
VG	3/21	virusmelding
DB	3/21	virusrelaterte
AP	3/22	dagboken
SA	3/22	dødsrate
DN	3/22	husleie
AA	3/22	influensaen
DB	3/22	kanselleringer
DN	3/22	kriserammet
AA	3/22	kriseteam
DB	3/22	lut
DA	3/22	pandemiet
DB	3/22	rammende
AA	3/22	smittetilfellet
AA	3/22	tiltakspakke
AP	3/22	tilværelsen
DB	3/22	vius
DB	3/23	angrep
VG	3/23	astrid
AA	3/23	bekjempelsens
VG	3/23	bildet
AP	3/23	brief
VG	3/23	eliten
SA	3/23	finte
AP	3/23	forskningen
DA	3/23	konklusjonene
VG	3/23	pasenter
VG	3/23	pågang
VG	3/23	sertifisert
AP	3/23	spesifikke
AA	3/23	statusen
VG	3/24	avdelinger
DN	3/24	belastede
DB	3/24	brev
AA	3/24	diskusjon
AA	3/24	dødstallet
DB	3/24	endres
SA	3/24	epedemien
AA	3/24	erfaringene
DA	3/24	fryktens
AP	3/24	innsats
AP	3/24	kampens
VG	3/24	katastrofen
SA	3/24	kjeftingen
VG	3/24	kollisjonskurs
DA	3/24	krisetiden
AA	3/24	krøll
AA	3/24	markedsføring
AA	3/24	minner
DB	3/24	mote
SA	3/24	politi
DB	3/24	protokoller
SA	3/24	rapporteringen
SA	3/24	regime
SA	3/24	regimet
VG	3/24	sang
BT	3/24	smittende
DA	3/24	snakk
VG	3/24	strategi
DB	3/24	tall
VG	3/24	testrestriksjoner
AA	3/24	tida
VG	3/24	timefortime
VG	3/24	transport
DB	3/24	tsunamien
VG	3/24	vettreglene
DA	3/25	ansvarlig
AP	3/25	dag
DB	3/25	drone
DB	3/25	innsatsen
SA	3/25	irritasjon
DA	3/25	karantener
NL	3/25	konkurs
VG	3/25	kostnadene
DA	3/25	kunnskap
AA	3/25	livet
AP	3/25	massedød
DA	3/25	medisinen
VG	3/25	modellen
AA	3/25	nervøse
BT	3/25	oppdrag
DA	3/25	ord
DA	3/25	statistikk
DA	3/25	stengingen
DB	3/25	stille
VG	3/25	stoppen
NL	3/25	tegninger
DA	3/25	undersøkelse
DB	3/25	virusrelatert
DB	3/26	aggresjonen
AA	3/26	avstanden
SA	3/26	bussen
VG	3/26	drama
AP	3/26	dugnadssporet
VG	3/26	dødelighet
DB	3/26	eksperten
BT	3/26	forsikringer
DB	3/26	general
DB	3/26	helsepersonell
VG	3/26	hverdag
AP	3/26	influensere
AP	3/26	influenserne
DA	3/26	innlagt
SA	3/26	kerisen
AA	3/26	klemma
BT	3/26	konkursene
SA	3/26	konsert
DA	3/26	liv
SA	3/26	møte
BT	3/26	obligasjoner
AA	3/26	oppgave
BT	3/26	pasientet
AA	3/26	plager
VG	3/26	plakater
DN	3/26	profittering
DB	3/26	profitører
DB	3/26	respons
AP	3/26	smellen
DN	3/26	spørsmålet
DA	3/26	stansen
DB	3/26	straff
AP	3/26	strategien
DN	3/26	tapte
DN	3/26	tyngede
DN	3/26	utsettes
VG	3/26	virusarbeidsgruppe
DB	3/26	virusoppdateringer
AP	3/26	virusvekst
AA	3/27	data
VG	3/27	dilemma
DN	3/27	forberedelsene
SA	3/27	garanti
VG	3/27	hjemmet
VG	3/27	kommunikasjonen
AA	3/27	konserter
BT	3/27	kritikken
DB	3/27	opplysningsteam
SA	3/27	smell
DB	3/27	straffer
VG	3/27	studien
AA	3/27	tabber
DB	3/27	utfordringene
DA	3/27	virustiltak
DB	3/28	akuttmottak
VG	3/28	bilde
VG	3/28	date
VG	3/28	grå
DB	3/28	info
DB	3/28	kasser
AP	3/28	kommune
NL	3/28	kostnaden
VG	3/28	krigen
VG	3/28	milliarder
SA	3/28	redusert
DB	3/28	sy
DB	3/28	utspill
VG	3/29	bremsen
DB	3/29	flukt
SA	3/29	guiden
AP	3/29	hjemmeliv
VG	3/29	kommuner
AP	3/29	nyhetsbrev
VG	3/29	produksjon
VG	3/29	smittebombe
DN	3/29	smittesituasjonen
DN	3/29	smitteutviklingen
DB	3/29	viruskampen
VG	3/30	avdelingen
DB	3/30	bota
AA	3/30	boten
DB	3/30	dom
VG	3/30	frustrert
NL	3/30	helikopter
BT	3/30	helsesjekk
DN	3/30	immune
VG	3/30	kartlegging
VG	3/30	kostnadstallene
DA	3/30	krisemøte
SA	3/30	kronikker
AA	3/30	kræsjen
DN	3/30	kur
BT	3/30	kurven
VG	3/30	nasjonalismen
VG	3/30	podkast
DA	3/30	risikogruppa
NL	3/30	scenarier
DN	3/30	skvis
AA	3/30	smitterestriksjon
AA	3/30	smittes
AA	3/30	svikt
AP	3/30	tabbe
SA	3/30	tilpasninger
AP	3/30	virusdata
AA	3/30	virusferien
AP	3/30	virussmitten
VG	3/31	arbeidet
DA	3/31	basert
SA	3/31	dødeligheten
VG	3/31	forskning
NL	3/31	hjemmetest
BT	3/31	infeksjoner
AP	3/31	joggerskammen
SA	3/31	klassiker
SA	3/31	lånet
DB	3/31	låst
VG	3/31	løslatte
DB	3/31	offeret
DB	3/31	pressekonferanse
DA	3/31	sitasjonen
SA	3/31	sjø
DA	3/31	skatt
VG	3/31	smittens
VG	3/31	testede
DB	3/31	testfeil
DA	3/31	tiltakutvalget
DA	3/31	titak
DN	3/31	viorusutbruddet
DB	4/01	avdeling
VG	4/01	bøter
DB	4/01	challenge
AP	4/01	diktatoren
AP	4/01	epidemier
AA	4/01	fasen
DB	4/01	forbudet
AA	4/01	forelegg
AP	4/01	forskrifter
DA	4/01	gåten
VG	4/01	hilsen
AA	4/01	innlagte
DB	4/01	innleggelse
AA	4/01	innleggelsene
AA	4/01	innrykket
VG	4/01	kjefting
SA	4/01	kneika
AA	4/01	kunst
AA	4/01	millioner
AP	4/01	mistenkte
DB	4/01	mobb
BT	4/01	mørketall
VG	4/01	nedstengning
VG	4/01	nedstengningen
VG	4/01	nyhetene
DA	4/01	pandemier
VG	4/01	positiv
FV	4/01	prosjekt
SA	4/01	stripe
VG	4/01	støtte
AP	4/01	trening
AA	4/01	utstilling
VG	4/01	vettregler
AP	4/01	viruspandemiens
AA	4/02	appen
FV	4/02	arrangement
VG	4/02	avstand
VG	4/02	bønner
DA	4/02	detox
VG	4/02	døgn
VG	4/02	epidimien
AP	4/02	karanteneregler
AA	4/02	lovens
DB	4/02	ofre
DA	4/02	oppdatering
SA	4/02	orienteringen
DB	4/02	overskriftene
AA	4/02	pandemiutbruddet
DB	4/02	patienter
DA	4/02	slaget
AP	4/02	tiltakenes
DB	4/02	turnering
DA	4/02	tv
SA	4/02	virusbærere
AA	4/03	/covid19situasjonen
AA	4/03	behovet
AP	4/03	benker
DA	4/03	borger
FV	4/03	flaks
DB	4/03	frisk
FV	4/03	griseflaks
BT	4/03	helgene
DA	4/03	hull
AP	4/03	kisen
AA	4/03	kriminalitet
AA	4/03	kriminelle
DA	4/03	krisepakkene
AA	4/03	martyrer
DA	4/03	oversikt
AA	4/03	reklame
BT	4/03	selvrapportering
DB	4/03	smittepasienter
SA	4/03	spreding
AA	4/03	stans
DA	4/03	teststasjonen
DA	4/03	vett
DA	4/03	viruser
AP	4/04	17
VG	4/04	avdelingene
BT	4/04	bølgen
AP	4/04	dikt
SA	4/04	jackpoten
VG	4/04	katastrofe
AP	4/04	kompensasjon
DA	4/04	nedstengingen
DB	4/04	prioriteringene
DB	4/04	prioriteringer
VG	4/04	rapporter
AP	4/04	rulling
BT	4/04	skole
BT	4/04	skolen
VG	4/04	smittespredning
BT	4/04	språket
VG	4/04	støttemidler
NL	4/04	symptom
DB	4/04	tilpasset
AP	4/04	vis
VG	4/05	baby
DB	4/05	bønn
VG	4/05	cruiset
VG	4/05	dietten
VG	4/05	ekspert
BT	4/05	kjøring
VG	4/05	krigens
AA	4/05	kø
AP	4/05	meninger
VG	4/05	muren
VG	4/05	norsk
VG	4/05	oppussing
DB	4/05	rapportene
VG	4/05	skilsmisser
VG	4/05	stikken
AA	4/05	virusreglene
DB	4/06	hjelpepakker
DA	4/06	karantenene
DB	4/06	oppstyret
DB	4/06	pressetreff
DA	4/06	påvirket
AP	4/06	rammeverket
DN	4/06	smittetallene
DA	4/06	taxier
DA	4/06	tilknyttede
DN	4/06	uke
AA	4/06	virusmøte
DN	4/06	virussmittetallene
BT	4/07	bedrageri
VG	4/07	døden
BT	4/07	forskrift
VG	4/07	gapestokk
AA	4/07	grepet
NL	4/07	inntrenger
DN	4/07	justerte
DB	4/07	kjeft
VG	4/07	leder
AA	4/07	permisjon
DA	4/07	presang
SA	4/07	påsken
DB	4/07	spåmann
DB	4/07	tiltaket
BT	4/07	ukene
VG	4/07	virusregler
DB	4/08	død
AA	4/08	dødfallet
DB	4/08	døgnet
VG	4/08	kommisjon
VG	4/08	lindring
FV	4/08	låt
BT	4/08	press
DA	4/08	påske
VG	4/08	reise
SA	4/08	skjebnen
SA	4/08	skyene
DN	4/08	toppen
VG	4/08	viruseumøter
AA	4/09	app
BT	4/09	feit
VG	4/09	fest
AA	4/09	generasjonen
VG	4/09	innstengt
DA	4/09	kortidsplassene
SA	4/09	nedstengningene
AA	4/09	redningspakke
DB	4/09	rullingkonsertene
SA	4/09	sveisen
DA	4/09	team
DN	4/10	hjelpepakke
AP	4/10	tidens
AP	4/11	blomstrer
FV	4/11	den
FV	4/11	fatiguen
AA	4/11	immunitet
AA	4/11	isolerte
AP	4/11	krakk
AA	4/11	oppblussing
DA	4/11	tema
AA	4/11	utbruddene
DB	4/11	viruslovverk
AP	4/11	viruspandemi
AA	4/12	dødfall
VG	4/12	episenteret
DB	4/12	forberedelser
AP	4/12	fortellingene
AA	4/12	kontroll
DB	4/12	kostnader
DB	4/12	kurve
VG	4/12	ledelse
DB	4/12	pasients
AP	4/12	sammenligning
AA	4/12	sikker
AA	4/12	truet
AP	4/13	advarslene
VG	4/13	bekymrede
DB	4/13	diagnosen
VG	4/13	greiene
AA	4/13	laboratorium
AA	4/13	måling
VG	4/13	varslerne
VG	4/13	viruskaoset
AA	4/13	virusrapport
AP	4/13	året
DA	4/14	datoene
AP	4/14	isolasjonsenhet
VG	4/14	maratonet
NL	4/14	millionene
DA	4/14	sesongen
AP	4/14	trygg
DB	4/14	virusapp
DN	4/14	virusvaksine
AP	4/15	gaver
BT	4/15	kontoret
SA	4/15	kvartalet
DA	4/15	modell
VG	4/15	pilene
DA	4/15	politikken
DA	4/15	redsel
AA	4/15	registrerte
AP	4/15	robuste
VG	4/15	stengningen
DB	4/15	strategier
AA	4/15	sveis
DA	4/15	tankene
DN	4/15	virusdrevne
VG	4/16	autoritet
AP	4/16	cruiseskipet
DB	4/16	dagbok
DA	4/16	dødsstatistikken
DA	4/16	forebyggende
AA	4/16	gapet
VG	4/16	gransking
AP	4/16	kompensasjonen
AA	4/16	lyspunkt
AA	4/16	midler
AA	4/16	pandemiene
VG	4/16	posten
AP	4/16	retorikken
AP	4/16	runder
DA	4/16	åpningstider
DB	4/17	bonanza
DB	4/17	boost
VG	4/17	forsinket
AA	4/17	helter
DB	4/17	karantenereglene
DA	4/17	kontantstøtten
VG	4/17	krisetiltak
VG	4/17	mann
BT	4/17	millionen
BT	4/17	nødhjelp
BT	4/17	penger
VG	4/17	permitteringsregler
AP	4/17	tillegg
SA	4/17	tomme
DB	4/17	vennlig
DA	4/17	virusdødsfallet
VG	4/17	virusert
DB	4/18	bølger
NL	4/18	ekspertene
AP	4/18	frustrasjon
DB	4/18	lekkasje
DB	4/18	portforbud
VG	4/18	sikkert
VG	4/18	sikre
NL	4/18	sjekket
AA	4/18	smitteanbefalingene
VG	4/18	viurset
NL	4/19	adferd
DB	4/19	diktatur
DB	4/19	diktaturet
AP	4/19	luksus
AA	4/19	smittetall
DB	4/19	tilstanden
DA	4/20	barometer
VG	4/20	bekreftet
SA	4/20	brif
AA	4/20	brifingen
VG	4/20	demonstrasjoner
DN	4/20	effekter
AA	4/20	forhandlingene
DA	4/20	gjelda
DN	4/20	helt
DB	4/20	hår
VG	4/20	innleggelsen
NL	4/20	konflikt
AP	4/20	navere
DA	4/20	obligasjon
SA	4/20	salget
DA	4/20	sammenhengen
AA	4/20	statistikken
AA	4/20	tåka
NL	4/20	unntakstilstanden
DB	4/20	uttalelse
VG	4/20	verstingen
AP	4/21	begrensninger
AP	4/21	demonstrasjonene
AA	4/21	distansering
NL	4/21	dødsstille
DN	4/21	fornekterne
AA	4/21	knute
DA	4/21	knuter
VG	4/21	leir
VG	4/21	løsning
DB	4/21	munnbind
BT	4/21	opptur
AA	4/21	pressekonferansen
VG	4/21	protestene
DB	4/21	skader
AP	4/21	stemning
VG	4/21	teamets
AA	4/21	vennlige
DB	4/21	virustilfellene
VG	4/22	avlyse
DB	4/22	avsperret
DB	4/22	blinde
AA	4/22	fondet
DB	4/22	friske
AA	4/22	kroner
BT	4/22	laboratoriet
VG	4/22	nordmann
DA	4/22	tanker
VG	4/22	utviiklingen
AA	4/22	vaksineres
DN	4/22	vinner
DN	4/22	vinneren
DB	4/23	bestemor
BT	4/23	heltene
NL	4/23	hets
AP	4/23	kommisjonen
AP	4/23	kommisjonens
DA	4/23	manøver
AA	4/23	myte
NL	4/23	optimist
VG	4/23	protester
SA	4/23	sak
VG	4/23	sendingene
VG	4/23	stipend
NL	4/23	strandet
AA	4/23	svindlet
DA	4/23	tilpassede
SA	4/23	vekst
AP	4/23	viruses
SA	4/23	virust
DB	4/24	antistoffene
BT	4/24	behandlinger
AA	4/24	dragsuget
BT	4/24	granskning
VG	4/24	hurtigtester
AA	4/24	løsninger
DB	4/24	oppdateringer
AA	4/24	pregede
DA	4/24	punktene
DA	4/24	smittejordbær
VG	4/24	sommeren
DA	4/24	spørretime
DB	4/24	stanset
BT	4/24	støtten
VG	4/24	teori
DA	4/24	tilstandene
BT	4/24	topp
DA	4/24	tradisjon
DB	4/24	vciruset
VG	4/24	venn
AA	4/24	venting
NL	4/24	virussvar
AA	4/24	åpning
AP	4/25	brifing
DN	4/25	forskriften
FV	4/25	induserte
NL	4/25	mørketid
DB	4/25	oppdateringene
NL	4/25	permisjonens
AP	4/25	preget
DB	4/25	pressekonferanser
AA	4/25	protest
VG	4/25	vinden
SA	4/26	anbefalinger
DB	4/26	dikutatur
AA	4/26	inspeksjoner
NL	4/26	modus
BT	4/26	protein
AP	4/26	ravn
AP	4/26	ravnordning
DA	4/26	spagaten
DN	4/26	tapene
DB	4/26	vakten
SA	4/27	bonus
VG	4/27	dokument
VG	4/27	fotball
AA	4/27	fullmakter
VG	4/27	klem
DB	4/27	klippen
DB	4/27	liste
DB	4/27	nestor
DN	4/27	overskrifter
DB	4/27	reglement
AA	4/27	regning
DA	4/27	sjanse
SA	4/27	stormen
DA	4/27	uløkka
VG	4/27	veilederen
VG	4/27	venner
NL	4/27	viruset?
AA	4/28	forbindelse
VG	4/28	overlevende
DB	4/28	tunnelen
VG	4/28	viruskontakter
VG	4/29	debatt
AA	4/29	forskjeller
DA	4/29	hjelpgrupper
NL	4/29	håp
VG	4/29	industrien
AA	4/29	lettelser
AA	4/29	sjefen
DN	4/29	slitne
DN	4/29	vinnerne
VG	4/29	virusdiplomati
DB	4/30	generalen
DA	4/30	katt
DB	4/30	klipp
VG	4/30	krisetider
SA	4/30	nedstengt
AA	4/30	nyhet
SA	4/30	pakker
DB	4/30	pass
VG	4/30	planen
DN	4/30	race
NL	4/30	studier
SA	4/30	støttemottakere
DA	4/30	valgene
AP	4/30	vent
AP	5/01	avfall
VG	5/01	avstemning
VG	5/01	begrenset
AP	5/01	demonstranter
VG	5/01	granskingskommisjonen
AA	5/01	kuttes
VG	5/01	misbrukere
VG	5/01	oppfordringen
SA	5/01	raset
DA	5/01	sitte
AP	5/02	handles
AP	5/02	virustema
DB	5/03	blod
SA	5/03	portrett
VG	5/03	rekord
AA	5/03	stillingene
AA	5/03	stillinger
AP	5/03	stoler
DB	5/03	stunt
DB	5/03	tilbud
DB	5/03	turnus
VG	5/04	begrensningene
NL	5/04	belastningene
NL	5/04	gruve
VG	5/04	konferansen
DB	5/04	krisas
DB	5/04	pilsen
DA	5/04	prosjekter
VG	5/04	protokoll
DB	5/04	samholdet
DB	5/04	spesialer
VG	5/04	virusrestriksjonene
DA	5/04	våren
BT	5/05	bunnen
AA	5/05	fall
VG	5/05	feltsykehuset
DB	5/05	gebyr
DN	5/05	giverglede
DA	5/05	gjørme
AP	5/05	intervjue
VG	5/05	jobbingen
SA	5/05	kunsten
SA	5/05	leksikon
NL	5/05	opptatte
AA	5/05	resultat
AP	5/05	tragedie
AA	5/05	underskudd
AA	5/05	veileder
VG	5/06	alternativ
DB	5/06	forsker
DA	5/06	kaka
DA	5/06	kake
AP	5/06	konsumet
VG	5/06	krasjen
AP	5/06	møtet
AP	5/06	opphopningen
AA	5/06	oppmykinger
AP	5/06	oppmykninger
DB	5/06	partikler
AA	5/06	skrekken
AP	5/06	stegningen
DA	5/06	striden
VG	5/06	tabu
AP	5/06	teststasjon
AA	5/06	tåken
DB	5/06	vårens
AP	5/07	barnehage
BT	5/07	ekspedisjonen
VG	5/07	friskmeldt
DB	5/07	gruppa
AP	5/07	jobben
AP	5/07	ledige
BT	5/07	reglar
VG	5/07	serie
BT	5/07	styret
VG	5/08	arbeidere
AP	5/08	arbeidsdagen
AP	5/08	budskap
AA	5/08	dødstallnivå
VG	5/08	lockdownen
AA	5/08	måneden
NL	5/08	storm
VG	5/09	gang
NL	5/09	hodepine
VG	5/09	kontor
VG	5/09	kravene
DB	5/09	rasisme
DA	5/09	restriksjonenene
VG	5/09	siden
VG	5/09	stil
SA	5/09	trøtt
DA	5/09	virusforskere
SA	5/09	virusoversikt
NL	5/10	berørte
VG	5/10	comeback
DA	5/10	epdemien
AA	5/10	handlingsregel
VG	5/10	målsetting
VG	5/10	målsettingen
AP	5/10	nedstenging
BT	5/10	reglane
AP	5/10	risiko
DB	5/10	skandalen
DB	5/10	smittested
VG	5/10	treninger
